idserie, month , periodo, val  , val_originale, ricostruito
      0, Jan-19,       0, 16   ,            16,           0
      0, Feb-19,       1, 15   ,            15,           0
      0, Mar-19,       2, 16   ,            16,           0
      0, Apr-19,       3, 16   ,            16,           0
      0, May-19,       4, 17   ,            17,           0
      0, Jun-19,       5, 17   ,            17,           0
      0, Jul-19,       6, 18   ,            18,           0
      0, Aug-19,       7, 17   ,            17,           0
      0, Sep-19,       8, 18   ,            18,           0
      0, Oct-19,       9, 18   ,            18,           0
      0, Nov-19,      10, 17   ,            17,           0
      0, Dec-19,      11, 21   ,            21,           0
      0, Jan-20,      12, 19   ,            19,           0
      0, Feb-20,      13, 18.67,            14,           1
      0, Mar-20,      14, 19.0 ,            15,           1
      0, Apr-20,      15, 19.33,            16,           1
      0, May-20,      16, 19   ,            19,           0
      0, Jun-20,      17, 19   ,            19,           0
      0, Jul-20,      18, 20   ,            20,           0
      0, Aug-20,      19, 19   ,            19,           0
      0, Sep-20,      20, 19   ,            19,           0
      0, Oct-20,      21, 21   ,            21,           0
      0, Nov-20,      22, 19   ,            19,           0
      0, Dec-20,      23, 21   ,            21,           0
      0, Jan-21,      24, 19   ,            19,           0
      0, Feb-21,      25, 20   ,            20,           0
      0, Mar-21,      26, 20   ,            20,           0
      0, Apr-21,      27, 20   ,            20,           0
      0, May-21,      28, 19   ,            19,           0
      0, Jun-21,      29, 22   ,            22,           0
      0, Jul-21,      30, 21   ,            21,           0
      0, Aug-21,      31, 21   ,            21,           0
      0, Sep-21,      32, 22   ,            22,           0
      0, Oct-21,      33, 21   ,            21,           0
      0, Nov-21,      34, 22   ,            22,           0
      0, Dec-21,      35, 26   ,            26,           0
      0, Jan-22,      36, 21   ,            21,           0
      0, Feb-22,      37, 21   ,            21,           0
      0, Mar-22,      38, 21   ,            21,           0
      0, Apr-22,      39, 22   ,            22,           0
      0, May-22,      40, 22   ,            22,           0
      0, Jun-22,      41, 22   ,            22,           0
      0, Jul-22,      42, 22   ,            22,           0
      0, Aug-22,      43, 22   ,            22,           0
      0, Sep-22,      44, 23   ,            23,           0
      0, Oct-22,      45, 23   ,            23,           0
      0, Nov-22,      46, 22   ,            22,           0
      0, Dec-22,      47, 24   ,            24,           0
      1, Jan-19,       0, 22   ,            22,           0
      1, Feb-19,       1, 22   ,            22,           0
      1, Mar-19,       2, 22   ,            22,           0
      1, Apr-19,       3, 23   ,            23,           0
      1, May-19,       4, 23   ,            23,           0
      1, Jun-19,       5, 22   ,            22,           0
      1, Jul-19,       6, 23   ,            23,           0
      1, Aug-19,       7, 22   ,            22,           0
      1, Sep-19,       8, 22   ,            22,           0
      1, Oct-19,       9, 23   ,            23,           0
      1, Nov-19,      10, 22   ,            22,           0
      1, Dec-19,      11, 24   ,            24,           0
      1, Jan-20,      12, 23   ,            23,           0
      1, Feb-20,      13, 21.33,            19,           1
      1, Mar-20,      14, 21.33,            17,           1
      1, Apr-20,      15, 22.0 ,            20,           1
      1, May-20,      16, 22   ,            22,           0
      1, Jun-20,      17, 22   ,            22,           0
      1, Jul-20,      18, 22   ,            22,           0
      1, Aug-20,      19, 22   ,            22,           0
      1, Sep-20,      20, 22   ,            22,           0
      1, Oct-20,      21, 22   ,            22,           0
      1, Nov-20,      22, 22   ,            22,           0
      1, Dec-20,      23, 24   ,            24,           0
      1, Jan-21,      24, 21   ,            21,           0
      1, Feb-21,      25, 21   ,            21,           0
      1, Mar-21,      26, 21   ,            21,           0
      1, Apr-21,      27, 22   ,            22,           0
      1, May-21,      28, 22   ,            22,           0
      1, Jun-21,      29, 22   ,            22,           0
      1, Jul-21,      30, 21   ,            21,           0
      1, Aug-21,      31, 22   ,            22,           0
      1, Sep-21,      32, 22   ,            22,           0
      1, Oct-21,      33, 22   ,            22,           0
      1, Nov-21,      34, 22   ,            22,           0
      1, Dec-21,      35, 22   ,            22,           0
      1, Jan-22,      36, 21   ,            21,           0
      1, Feb-22,      37, 21   ,            21,           0
      1, Mar-22,      38, 21   ,            21,           0
      1, Apr-22,      39, 21   ,            21,           0
      1, May-22,      40, 21   ,            21,           0
      1, Jun-22,      41, 22   ,            22,           0
      1, Jul-22,      42, 22   ,            22,           0
      1, Aug-22,      43, 21   ,            21,           0
      1, Sep-22,      44, 21   ,            21,           0
      1, Oct-22,      45, 22   ,            22,           0
      1, Nov-22,      46, 21   ,            21,           0
      1, Dec-22,      47, 23   ,            23,           0
      2, Jan-19,       0, 19   ,            19,           0
      2, Feb-19,       1, 18   ,            18,           0
      2, Mar-19,       2, 18   ,            18,           0
      2, Apr-19,       3, 18   ,            18,           0
      2, May-19,       4, 19   ,            19,           0
      2, Jun-19,       5, 19   ,            19,           0
      2, Jul-19,       6, 19   ,            19,           0
      2, Aug-19,       7, 19   ,            19,           0
      2, Sep-19,       8, 20   ,            20,           0
      2, Oct-19,       9, 21   ,            21,           0
      2, Nov-19,      10, 20   ,            20,           0
      2, Dec-19,      11, 22   ,            22,           0
      2, Jan-20,      12, 20   ,            20,           0
      2, Feb-20,      13, 19.67,            16,           1
      2, Mar-20,      14, 21.0 ,            16,           1
      2, Apr-20,      15, 21.0 ,            18,           1
      2, May-20,      16, 20   ,            20,           0
      2, Jun-20,      17, 21   ,            21,           0
      2, Jul-20,      18, 21   ,            21,           0
      2, Aug-20,      19, 22   ,            22,           0
      2, Sep-20,      20, 22   ,            22,           0
      2, Oct-20,      21, 23   ,            23,           0
      2, Nov-20,      22, 22   ,            22,           0
      2, Dec-20,      23, 25   ,            25,           0
      2, Jan-21,      24, 23   ,            23,           0
      2, Feb-21,      25, 20   ,            20,           0
      2, Mar-21,      26, 22   ,            22,           0
      2, Apr-21,      27, 21   ,            21,           0
      2, May-21,      28, 22   ,            22,           0
      2, Jun-21,      29, 22   ,            22,           0
      2, Jul-21,      30, 23   ,            23,           0
      2, Aug-21,      31, 23   ,            23,           0
      2, Sep-21,      32, 22   ,            22,           0
      2, Oct-21,      33, 23   ,            23,           0
      2, Nov-21,      34, 23   ,            23,           0
      2, Dec-21,      35, 27   ,            27,           0
      2, Jan-22,      36, 22   ,            22,           0
      2, Feb-22,      37, 21   ,            21,           0
      2, Mar-22,      38, 23   ,            23,           0
      2, Apr-22,      39, 24   ,            24,           0
      2, May-22,      40, 24   ,            24,           0
      2, Jun-22,      41, 24   ,            24,           0
      2, Jul-22,      42, 24   ,            24,           0
      2, Aug-22,      43, 24   ,            24,           0
      2, Sep-22,      44, 25   ,            25,           0
      2, Oct-22,      45, 25   ,            25,           0
      2, Nov-22,      46, 26   ,            26,           0
      2, Dec-22,      47, 30   ,            30,           0
      3, Jan-19,       0, 15   ,            15,           0
      3, Feb-19,       1, 15   ,            15,           0
      3, Mar-19,       2, 16   ,            16,           0
      3, Apr-19,       3, 15   ,            15,           0
      3, May-19,       4, 15   ,            15,           0
      3, Jun-19,       5, 16   ,            16,           0
      3, Jul-19,       6, 16   ,            16,           0
      3, Aug-19,       7, 16   ,            16,           0
      3, Sep-19,       8, 17   ,            17,           0
      3, Oct-19,       9, 16   ,            16,           0
      3, Nov-19,      10, 16   ,            16,           0
      3, Dec-19,      11, 18   ,            18,           0
      3, Jan-20,      12, 17   ,            17,           0
      3, Feb-20,      13, 16.33,            13,           1
      3, Mar-20,      14, 17.33,            13,           1
      3, Apr-20,      15, 17.0 ,            15,           1
      3, May-20,      16, 17   ,            17,           0
      3, Jun-20,      17, 17   ,            17,           0
      3, Jul-20,      18, 17   ,            17,           0
      3, Aug-20,      19, 17   ,            17,           0
      3, Sep-20,      20, 17   ,            17,           0
      3, Oct-20,      21, 18   ,            18,           0
      3, Nov-20,      22, 17   ,            17,           0
      3, Dec-20,      23, 20   ,            20,           0
      3, Jan-21,      24, 17   ,            17,           0
      3, Feb-21,      25, 16   ,            16,           0
      3, Mar-21,      26, 18   ,            18,           0
      3, Apr-21,      27, 18   ,            18,           0
      3, May-21,      28, 17   ,            17,           0
      3, Jun-21,      29, 19   ,            19,           0
      3, Jul-21,      30, 19   ,            19,           0
      3, Aug-21,      31, 18   ,            18,           0
      3, Sep-21,      32, 18   ,            18,           0
      3, Oct-21,      33, 20   ,            20,           0
      3, Nov-21,      34, 20   ,            20,           0
      3, Dec-21,      35, 22   ,            22,           0
      3, Jan-22,      36, 18   ,            18,           0
      3, Feb-22,      37, 18   ,            18,           0
      3, Mar-22,      38, 18   ,            18,           0
      3, Apr-22,      39, 18   ,            18,           0
      3, May-22,      40, 18   ,            18,           0
      3, Jun-22,      41, 20   ,            20,           0
      3, Jul-22,      42, 19   ,            19,           0
      3, Aug-22,      43, 18   ,            18,           0
      3, Sep-22,      44, 18   ,            18,           0
      3, Oct-22,      45, 19   ,            19,           0
      3, Nov-22,      46, 21   ,            21,           0
      3, Dec-22,      47, 21   ,            21,           0
      4, Jan-19,       0, 17   ,            17,           0
      4, Feb-19,       1, 17   ,            17,           0
      4, Mar-19,       2, 17   ,            17,           0
      4, Apr-19,       3, 17   ,            17,           0
      4, May-19,       4, 18   ,            18,           0
      4, Jun-19,       5, 17   ,            17,           0
      4, Jul-19,       6, 18   ,            18,           0
      4, Aug-19,       7, 17   ,            17,           0
      4, Sep-19,       8, 17   ,            17,           0
      4, Oct-19,       9, 18   ,            18,           0
      4, Nov-19,      10, 17   ,            17,           0
      4, Dec-19,      11, 18   ,            18,           0
      4, Jan-20,      12, 18   ,            18,           0
      4, Feb-20,      13, 16.33,            14,           1
      4, Mar-20,      14, 17.0 ,            13,           1
      4, Apr-20,      15, 17.0 ,            16,           1
      4, May-20,      16, 17   ,            17,           0
      4, Jun-20,      17, 17   ,            17,           0
      4, Jul-20,      18, 17   ,            17,           0
      4, Aug-20,      19, 17   ,            17,           0
      4, Sep-20,      20, 17   ,            17,           0
      4, Oct-20,      21, 18   ,            18,           0
      4, Nov-20,      22, 17   ,            17,           0
      4, Dec-20,      23, 18   ,            18,           0
      4, Jan-21,      24, 17   ,            17,           0
      4, Feb-21,      25, 16   ,            16,           0
      4, Mar-21,      26, 17   ,            17,           0
      4, Apr-21,      27, 17   ,            17,           0
      4, May-21,      28, 17   ,            17,           0
      4, Jun-21,      29, 17   ,            17,           0
      4, Jul-21,      30, 18   ,            18,           0
      4, Aug-21,      31, 17   ,            17,           0
      4, Sep-21,      32, 18   ,            18,           0
      4, Oct-21,      33, 17   ,            17,           0
      4, Nov-21,      34, 17   ,            17,           0
      4, Dec-21,      35, 19   ,            19,           0
      4, Jan-22,      36, 17   ,            17,           0
      4, Feb-22,      37, 16   ,            16,           0
      4, Mar-22,      38, 17   ,            17,           0
      4, Apr-22,      39, 17   ,            17,           0
      4, May-22,      40, 17   ,            17,           0
      4, Jun-22,      41, 17   ,            17,           0
      4, Jul-22,      42, 17   ,            17,           0
      4, Aug-22,      43, 17   ,            17,           0
      4, Sep-22,      44, 17   ,            17,           0
      4, Oct-22,      45, 18   ,            18,           0
      4, Nov-22,      46, 17   ,            17,           0
      4, Dec-22,      47, 18   ,            18,           0
      5, Jan-19,       0, 11   ,            11,           0
      5, Feb-19,       1, 10   ,            10,           0
      5, Mar-19,       2, 10   ,            10,           0
      5, Apr-19,       3, 11   ,            11,           0
      5, May-19,       4, 11   ,            11,           0
      5, Jun-19,       5, 11   ,            11,           0
      5, Jul-19,       6, 11   ,            11,           0
      5, Aug-19,       7, 11   ,            11,           0
      5, Sep-19,       8, 12   ,            12,           0
      5, Oct-19,       9, 12   ,            12,           0
      5, Nov-19,      10, 12   ,            12,           0
      5, Dec-19,      11, 13   ,            13,           0
      5, Jan-20,      12, 11   ,            11,           0
      5, Feb-20,      13, 11.67,             9,           1
      5, Mar-20,      14, 12.0 ,             9,           1
      5, Apr-20,      15, 13.0 ,            10,           1
      5, May-20,      16, 12   ,            12,           0
      5, Jun-20,      17, 13   ,            13,           0
      5, Jul-20,      18, 13   ,            13,           0
      5, Aug-20,      19, 12   ,            12,           0
      5, Sep-20,      20, 13   ,            13,           0
      5, Oct-20,      21, 13   ,            13,           0
      5, Nov-20,      22, 14   ,            14,           0
      5, Dec-20,      23, 14   ,            14,           0
      5, Jan-21,      24, 12   ,            12,           0
      5, Feb-21,      25, 11   ,            11,           0
      5, Mar-21,      26, 13   ,            13,           0
      5, Apr-21,      27, 13   ,            13,           0
      5, May-21,      28, 13   ,            13,           0
      5, Jun-21,      29, 13   ,            13,           0
      5, Jul-21,      30, 13   ,            13,           0
      5, Aug-21,      31, 13   ,            13,           0
      5, Sep-21,      32, 14   ,            14,           0
      5, Oct-21,      33, 14   ,            14,           0
      5, Nov-21,      34, 13   ,            13,           0
      5, Dec-21,      35, 16   ,            16,           0
      5, Jan-22,      36, 15   ,            15,           0
      5, Feb-22,      37, 14   ,            14,           0
      5, Mar-22,      38, 13   ,            13,           0
      5, Apr-22,      39, 15   ,            15,           0
      5, May-22,      40, 14   ,            14,           0
      5, Jun-22,      41, 14   ,            14,           0
      5, Jul-22,      42, 16   ,            16,           0
      5, Aug-22,      43, 14   ,            14,           0
      5, Sep-22,      44, 15   ,            15,           0
      5, Oct-22,      45, 16   ,            16,           0
      5, Nov-22,      46, 15   ,            15,           0
      5, Dec-22,      47, 19   ,            19,           0
      6, Jan-19,       0, 13   ,            13,           0
      6, Feb-19,       1, 13   ,            13,           0
      6, Mar-19,       2, 13   ,            13,           0
      6, Apr-19,       3, 13   ,            13,           0
      6, May-19,       4, 14   ,            14,           0
      6, Jun-19,       5, 14   ,            14,           0
      6, Jul-19,       6, 14   ,            14,           0
      6, Aug-19,       7, 13   ,            13,           0
      6, Sep-19,       8, 14   ,            14,           0
      6, Oct-19,       9, 15   ,            15,           0
      6, Nov-19,      10, 14   ,            14,           0
      6, Dec-19,      11, 15   ,            15,           0
      6, Jan-20,      12, 14   ,            14,           0
      6, Feb-20,      13, 14.0 ,            11,           1
      6, Mar-20,      14, 13.67,            11,           1
      6, Apr-20,      15, 14.0 ,            12,           1
      6, May-20,      16, 15   ,            15,           0
      6, Jun-20,      17, 15   ,            15,           0
      6, Jul-20,      18, 15   ,            15,           0
      6, Aug-20,      19, 15   ,            15,           0
      6, Sep-20,      20, 14   ,            14,           0
      6, Oct-20,      21, 14   ,            14,           0
      6, Nov-20,      22, 14   ,            14,           0
      6, Dec-20,      23, 17   ,            17,           0
      6, Jan-21,      24, 14   ,            14,           0
      6, Feb-21,      25, 14   ,            14,           0
      6, Mar-21,      26, 14   ,            14,           0
      6, Apr-21,      27, 14   ,            14,           0
      6, May-21,      28, 14   ,            14,           0
      6, Jun-21,      29, 15   ,            15,           0
      6, Jul-21,      30, 16   ,            16,           0
      6, Aug-21,      31, 14   ,            14,           0
      6, Sep-21,      32, 15   ,            15,           0
      6, Oct-21,      33, 15   ,            15,           0
      6, Nov-21,      34, 15   ,            15,           0
      6, Dec-21,      35, 18   ,            18,           0
      6, Jan-22,      36, 14   ,            14,           0
      6, Feb-22,      37, 15   ,            15,           0
      6, Mar-22,      38, 14   ,            14,           0
      6, Apr-22,      39, 15   ,            15,           0
      6, May-22,      40, 15   ,            15,           0
      6, Jun-22,      41, 15   ,            15,           0
      6, Jul-22,      42, 16   ,            16,           0
      6, Aug-22,      43, 16   ,            16,           0
      6, Sep-22,      44, 16   ,            16,           0
      6, Oct-22,      45, 16   ,            16,           0
      6, Nov-22,      46, 15   ,            15,           0
      6, Dec-22,      47, 17   ,            17,           0
      7, Jan-19,       0, 12   ,            12,           0
      7, Feb-19,       1, 12   ,            12,           0
      7, Mar-19,       2, 12   ,            12,           0
      7, Apr-19,       3, 12   ,            12,           0
      7, May-19,       4, 12   ,            12,           0
      7, Jun-19,       5, 12   ,            12,           0
      7, Jul-19,       6, 13   ,            13,           0
      7, Aug-19,       7, 12   ,            12,           0
      7, Sep-19,       8, 13   ,            13,           0
      7, Oct-19,       9, 13   ,            13,           0
      7, Nov-19,      10, 12   ,            12,           0
      7, Dec-19,      11, 13   ,            13,           0
      7, Jan-20,      12, 12   ,            12,           0
      7, Feb-20,      13, 12.0 ,            10,           1
      7, Mar-20,      14, 12.33,            10,           1
      7, Apr-20,      15, 12.0 ,            12,           1
      7, May-20,      16, 12   ,            12,           0
      7, Jun-20,      17, 12   ,            12,           0
      7, Jul-20,      18, 13   ,            13,           0
      7, Aug-20,      19, 12   ,            12,           0
      7, Sep-20,      20, 13   ,            13,           0
      7, Oct-20,      21, 12   ,            12,           0
      7, Nov-20,      22, 13   ,            13,           0
      7, Dec-20,      23, 13   ,            13,           0
      7, Jan-21,      24, 12   ,            12,           0
      7, Feb-21,      25, 12   ,            12,           0
      7, Mar-21,      26, 12   ,            12,           0
      7, Apr-21,      27, 12   ,            12,           0
      7, May-21,      28, 13   ,            13,           0
      7, Jun-21,      29, 12   ,            12,           0
      7, Jul-21,      30, 14   ,            14,           0
      7, Aug-21,      31, 12   ,            12,           0
      7, Sep-21,      32, 12   ,            12,           0
      7, Oct-21,      33, 12   ,            12,           0
      7, Nov-21,      34, 12   ,            12,           0
      7, Dec-21,      35, 13   ,            13,           0
      7, Jan-22,      36, 13   ,            13,           0
      7, Feb-22,      37, 12   ,            12,           0
      7, Mar-22,      38, 13   ,            13,           0
      7, Apr-22,      39, 12   ,            12,           0
      7, May-22,      40, 12   ,            12,           0
      7, Jun-22,      41, 12   ,            12,           0
      7, Jul-22,      42, 14   ,            14,           0
      7, Aug-22,      43, 12   ,            12,           0
      7, Sep-22,      44, 12   ,            12,           0
      7, Oct-22,      45, 13   ,            13,           0
      7, Nov-22,      46, 12   ,            12,           0
      7, Dec-22,      47, 14   ,            14,           0
      8, Jan-19,       0, 23   ,            23,           0
      8, Feb-19,       1, 23   ,            23,           0
      8, Mar-19,       2, 23   ,            23,           0
      8, Apr-19,       3, 23   ,            23,           0
      8, May-19,       4, 24   ,            24,           0
      8, Jun-19,       5, 24   ,            24,           0
      8, Jul-19,       6, 24   ,            24,           0
      8, Aug-19,       7, 24   ,            24,           0
      8, Sep-19,       8, 24   ,            24,           0
      8, Oct-19,       9, 25   ,            25,           0
      8, Nov-19,      10, 24   ,            24,           0
      8, Dec-19,      11, 26   ,            26,           0
      8, Jan-20,      12, 25   ,            25,           0
      8, Feb-20,      13, 23.67,            19,           1
      8, Mar-20,      14, 24.33,            19,           1
      8, Apr-20,      15, 24.0 ,            22,           1
      8, May-20,      16, 24   ,            24,           0
      8, Jun-20,      17, 24   ,            24,           0
      8, Jul-20,      18, 24   ,            24,           0
      8, Aug-20,      19, 25   ,            25,           0
      8, Sep-20,      20, 25   ,            25,           0
      8, Oct-20,      21, 25   ,            25,           0
      8, Nov-20,      22, 24   ,            24,           0
      8, Dec-20,      23, 27   ,            27,           0
      8, Jan-21,      24, 25   ,            25,           0
      8, Feb-21,      25, 24   ,            24,           0
      8, Mar-21,      26, 25   ,            25,           0
      8, Apr-21,      27, 24   ,            24,           0
      8, May-21,      28, 25   ,            25,           0
      8, Jun-21,      29, 24   ,            24,           0
      8, Jul-21,      30, 26   ,            26,           0
      8, Aug-21,      31, 24   ,            24,           0
      8, Sep-21,      32, 25   ,            25,           0
      8, Oct-21,      33, 26   ,            26,           0
      8, Nov-21,      34, 25   ,            25,           0
      8, Dec-21,      35, 27   ,            27,           0
      8, Jan-22,      36, 26   ,            26,           0
      8, Feb-22,      37, 24   ,            24,           0
      8, Mar-22,      38, 25   ,            25,           0
      8, Apr-22,      39, 25   ,            25,           0
      8, May-22,      40, 25   ,            25,           0
      8, Jun-22,      41, 25   ,            25,           0
      8, Jul-22,      42, 26   ,            26,           0
      8, Aug-22,      43, 26   ,            26,           0
      8, Sep-22,      44, 25   ,            25,           0
      8, Oct-22,      45, 27   ,            27,           0
      8, Nov-22,      46, 26   ,            26,           0
      8, Dec-22,      47, 28   ,            28,           0
      9, Jan-19,       0, 10   ,            10,           0
      9, Feb-19,       1,  9   ,             9,           0
      9, Mar-19,       2, 10   ,            10,           0
      9, Apr-19,       3, 10   ,            10,           0
      9, May-19,       4, 11   ,            11,           0
      9, Jun-19,       5, 11   ,            11,           0
      9, Jul-19,       6, 11   ,            11,           0
      9, Aug-19,       7, 11   ,            11,           0
      9, Sep-19,       8, 11   ,            11,           0
      9, Oct-19,       9, 12   ,            12,           0
      9, Nov-19,      10, 12   ,            12,           0
      9, Dec-19,      11, 12   ,            12,           0
      9, Jan-20,      12, 12   ,            12,           0
      9, Feb-20,      13, 11.0 ,             9,           1
      9, Mar-20,      14, 12.0 ,             9,           1
      9, Apr-20,      15, 12.0 ,            10,           1
      9, May-20,      16, 12   ,            12,           0
      9, Jun-20,      17, 12   ,            12,           0
      9, Jul-20,      18, 12   ,            12,           0
      9, Aug-20,      19, 13   ,            13,           0
      9, Sep-20,      20, 12   ,            12,           0
      9, Oct-20,      21, 14   ,            14,           0
      9, Nov-20,      22, 12   ,            12,           0
      9, Dec-20,      23, 15   ,            15,           0
      9, Jan-21,      24, 13   ,            13,           0
      9, Feb-21,      25, 11   ,            11,           0
      9, Mar-21,      26, 13   ,            13,           0
      9, Apr-21,      27, 12   ,            12,           0
      9, May-21,      28, 14   ,            14,           0
      9, Jun-21,      29, 13   ,            13,           0
      9, Jul-21,      30, 15   ,            15,           0
      9, Aug-21,      31, 13   ,            13,           0
      9, Sep-21,      32, 13   ,            13,           0
      9, Oct-21,      33, 14   ,            14,           0
      9, Nov-21,      34, 14   ,            14,           0
      9, Dec-21,      35, 16   ,            16,           0
      9, Jan-22,      36, 14   ,            14,           0
      9, Feb-22,      37, 13   ,            13,           0
      9, Mar-22,      38, 13   ,            13,           0
      9, Apr-22,      39, 14   ,            14,           0
      9, May-22,      40, 15   ,            15,           0
      9, Jun-22,      41, 14   ,            14,           0
      9, Jul-22,      42, 16   ,            16,           0
      9, Aug-22,      43, 14   ,            14,           0
      9, Sep-22,      44, 16   ,            16,           0
      9, Oct-22,      45, 15   ,            15,           0
      9, Nov-22,      46, 15   ,            15,           0
      9, Dec-22,      47, 17   ,            17,           0
     10, Jan-19,       0, 21   ,            21,           0
     10, Feb-19,       1, 20   ,            20,           0
     10, Mar-19,       2, 21   ,            21,           0
     10, Apr-19,       3, 21   ,            21,           0
     10, May-19,       4, 21   ,            21,           0
     10, Jun-19,       5, 21   ,            21,           0
     10, Jul-19,       6, 21   ,            21,           0
     10, Aug-19,       7, 21   ,            21,           0
     10, Sep-19,       8, 22   ,            22,           0
     10, Oct-19,       9, 21   ,            21,           0
     10, Nov-19,      10, 21   ,            21,           0
     10, Dec-19,      11, 22   ,            22,           0
     10, Jan-20,      12, 20   ,            20,           0
     10, Feb-20,      13, 19.67,            17,           1
     10, Mar-20,      14, 20.0 ,            16,           1
     10, Apr-20,      15, 20.0 ,            19,           1
     10, May-20,      16, 21   ,            21,           0
     10, Jun-20,      17, 21   ,            21,           0
     10, Jul-20,      18, 21   ,            21,           0
     10, Aug-20,      19, 20   ,            20,           0
     10, Sep-20,      20, 20   ,            20,           0
     10, Oct-20,      21, 21   ,            21,           0
     10, Nov-20,      22, 20   ,            20,           0
     10, Dec-20,      23, 21   ,            21,           0
     10, Jan-21,      24, 20   ,            20,           0
     10, Feb-21,      25, 20   ,            20,           0
     10, Mar-21,      26, 20   ,            20,           0
     10, Apr-21,      27, 20   ,            20,           0
     10, May-21,      28, 20   ,            20,           0
     10, Jun-21,      29, 20   ,            20,           0
     10, Jul-21,      30, 20   ,            20,           0
     10, Aug-21,      31, 19   ,            19,           0
     10, Sep-21,      32, 20   ,            20,           0
     10, Oct-21,      33, 20   ,            20,           0
     10, Nov-21,      34, 20   ,            20,           0
     10, Dec-21,      35, 21   ,            21,           0
     10, Jan-22,      36, 20   ,            20,           0
     10, Feb-22,      37, 19   ,            19,           0
     10, Mar-22,      38, 19   ,            19,           0
     10, Apr-22,      39, 19   ,            19,           0
     10, May-22,      40, 20   ,            20,           0
     10, Jun-22,      41, 20   ,            20,           0
     10, Jul-22,      42, 20   ,            20,           0
     10, Aug-22,      43, 19   ,            19,           0
     10, Sep-22,      44, 19   ,            19,           0
     10, Oct-22,      45, 19   ,            19,           0
     10, Nov-22,      46, 19   ,            19,           0
     10, Dec-22,      47, 20   ,            20,           0
     11, Jan-19,       0, 10   ,            10,           0
     11, Feb-19,       1, 10   ,            10,           0
     11, Mar-19,       2, 10   ,            10,           0
     11, Apr-19,       3, 10   ,            10,           0
     11, May-19,       4, 10   ,            10,           0
     11, Jun-19,       5, 11   ,            11,           0
     11, Jul-19,       6, 10   ,            10,           0
     11, Aug-19,       7, 11   ,            11,           0
     11, Sep-19,       8, 11   ,            11,           0
     11, Oct-19,       9, 11   ,            11,           0
     11, Nov-19,      10, 11   ,            11,           0
     11, Dec-19,      11, 12   ,            12,           0
     11, Jan-20,      12, 10   ,            10,           0
     11, Feb-20,      13, 10.33,             8,           1
     11, Mar-20,      14, 10.33,             8,           1
     11, Apr-20,      15, 10.33,             9,           1
     11, May-20,      16, 10   ,            10,           0
     11, Jun-20,      17, 11   ,            11,           0
     11, Jul-20,      18, 11   ,            11,           0
     11, Aug-20,      19, 11   ,            11,           0
     11, Sep-20,      20, 10   ,            10,           0
     11, Oct-20,      21, 11   ,            11,           0
     11, Nov-20,      22, 11   ,            11,           0
     11, Dec-20,      23, 12   ,            12,           0
     11, Jan-21,      24, 10   ,            10,           0
     11, Feb-21,      25, 11   ,            11,           0
     11, Mar-21,      26, 10   ,            10,           0
     11, Apr-21,      27, 11   ,            11,           0
     11, May-21,      28, 11   ,            11,           0
     11, Jun-21,      29, 11   ,            11,           0
     11, Jul-21,      30, 11   ,            11,           0
     11, Aug-21,      31, 10   ,            10,           0
     11, Sep-21,      32, 11   ,            11,           0
     11, Oct-21,      33, 12   ,            12,           0
     11, Nov-21,      34, 11   ,            11,           0
     11, Dec-21,      35, 13   ,            13,           0
     11, Jan-22,      36, 11   ,            11,           0
     11, Feb-22,      37, 10   ,            10,           0
     11, Mar-22,      38, 11   ,            11,           0
     11, Apr-22,      39, 10   ,            10,           0
     11, May-22,      40, 11   ,            11,           0
     11, Jun-22,      41, 11   ,            11,           0
     11, Jul-22,      42, 12   ,            12,           0
     11, Aug-22,      43, 11   ,            11,           0
     11, Sep-22,      44, 12   ,            12,           0
     11, Oct-22,      45, 12   ,            12,           0
     11, Nov-22,      46, 12   ,            12,           0
     11, Dec-22,      47, 13   ,            13,           0
     12, Jan-19,       0, 13   ,            13,           0
     12, Feb-19,       1, 12   ,            12,           0
     12, Mar-19,       2, 12   ,            12,           0
     12, Apr-19,       3, 13   ,            13,           0
     12, May-19,       4, 14   ,            14,           0
     12, Jun-19,       5, 13   ,            13,           0
     12, Jul-19,       6, 14   ,            14,           0
     12, Aug-19,       7, 14   ,            14,           0
     12, Sep-19,       8, 13   ,            13,           0
     12, Oct-19,       9, 14   ,            14,           0
     12, Nov-19,      10, 15   ,            15,           0
     12, Dec-19,      11, 17   ,            17,           0
     12, Jan-20,      12, 14   ,            14,           0
     12, Feb-20,      13, 16.0 ,            12,           1
     12, Mar-20,      14, 16.33,            12,           1
     12, Apr-20,      15, 16.67,            13,           1
     12, May-20,      16, 15   ,            15,           0
     12, Jun-20,      17, 16   ,            16,           0
     12, Jul-20,      18, 16   ,            16,           0
     12, Aug-20,      19, 16   ,            16,           0
     12, Sep-20,      20, 16   ,            16,           0
     12, Oct-20,      21, 17   ,            17,           0
     12, Nov-20,      22, 18   ,            18,           0
     12, Dec-20,      23, 22   ,            22,           0
     12, Jan-21,      24, 16   ,            16,           0
     12, Feb-21,      25, 17   ,            17,           0
     12, Mar-21,      26, 18   ,            18,           0
     12, Apr-21,      27, 16   ,            16,           0
     12, May-21,      28, 18   ,            18,           0
     12, Jun-21,      29, 18   ,            18,           0
     12, Jul-21,      30, 19   ,            19,           0
     12, Aug-21,      31, 19   ,            19,           0
     12, Sep-21,      32, 20   ,            20,           0
     12, Oct-21,      33, 19   ,            19,           0
     12, Nov-21,      34, 19   ,            19,           0
     12, Dec-21,      35, 23   ,            23,           0
     12, Jan-22,      36, 21   ,            21,           0
     12, Feb-22,      37, 19   ,            19,           0
     12, Mar-22,      38, 19   ,            19,           0
     12, Apr-22,      39, 21   ,            21,           0
     12, May-22,      40, 19   ,            19,           0
     12, Jun-22,      41, 19   ,            19,           0
     12, Jul-22,      42, 23   ,            23,           0
     12, Aug-22,      43, 21   ,            21,           0
     12, Sep-22,      44, 23   ,            23,           0
     12, Oct-22,      45, 22   ,            22,           0
     12, Nov-22,      46, 23   ,            23,           0
     12, Dec-22,      47, 25   ,            25,           0
     13, Jan-19,       0, 17   ,            17,           0
     13, Feb-19,       1, 18   ,            18,           0
     13, Mar-19,       2, 18   ,            18,           0
     13, Apr-19,       3, 18   ,            18,           0
     13, May-19,       4, 18   ,            18,           0
     13, Jun-19,       5, 19   ,            19,           0
     13, Jul-19,       6, 19   ,            19,           0
     13, Aug-19,       7, 19   ,            19,           0
     13, Sep-19,       8, 18   ,            18,           0
     13, Oct-19,       9, 20   ,            20,           0
     13, Nov-19,      10, 19   ,            19,           0
     13, Dec-19,      11, 21   ,            21,           0
     13, Jan-20,      12, 19   ,            19,           0
     13, Feb-20,      13, 19.0 ,            16,           1
     13, Mar-20,      14, 20.33,            15,           1
     13, Apr-20,      15, 21.0 ,            18,           1
     13, May-20,      16, 20   ,            20,           0
     13, Jun-20,      17, 20   ,            20,           0
     13, Jul-20,      18, 21   ,            21,           0
     13, Aug-20,      19, 20   ,            20,           0
     13, Sep-20,      20, 19   ,            19,           0
     13, Oct-20,      21, 21   ,            21,           0
     13, Nov-20,      22, 21   ,            21,           0
     13, Dec-20,      23, 22   ,            22,           0
     13, Jan-21,      24, 20   ,            20,           0
     13, Feb-21,      25, 19   ,            19,           0
     13, Mar-21,      26, 21   ,            21,           0
     13, Apr-21,      27, 22   ,            22,           0
     13, May-21,      28, 22   ,            22,           0
     13, Jun-21,      29, 20   ,            20,           0
     13, Jul-21,      30, 22   ,            22,           0
     13, Aug-21,      31, 23   ,            23,           0
     13, Sep-21,      32, 22   ,            22,           0
     13, Oct-21,      33, 23   ,            23,           0
     13, Nov-21,      34, 21   ,            21,           0
     13, Dec-21,      35, 25   ,            25,           0
     13, Jan-22,      36, 23   ,            23,           0
     13, Feb-22,      37, 20   ,            20,           0
     13, Mar-22,      38, 22   ,            22,           0
     13, Apr-22,      39, 23   ,            23,           0
     13, May-22,      40, 23   ,            23,           0
     13, Jun-22,      41, 23   ,            23,           0
     13, Jul-22,      42, 24   ,            24,           0
     13, Aug-22,      43, 23   ,            23,           0
     13, Sep-22,      44, 23   ,            23,           0
     13, Oct-22,      45, 26   ,            26,           0
     13, Nov-22,      46, 25   ,            25,           0
     13, Dec-22,      47, 28   ,            28,           0
     14, Jan-19,       0, 20   ,            20,           0
     14, Feb-19,       1, 19   ,            19,           0
     14, Mar-19,       2, 21   ,            21,           0
     14, Apr-19,       3, 21   ,            21,           0
     14, May-19,       4, 21   ,            21,           0
     14, Jun-19,       5, 22   ,            22,           0
     14, Jul-19,       6, 21   ,            21,           0
     14, Aug-19,       7, 21   ,            21,           0
     14, Sep-19,       8, 22   ,            22,           0
     14, Oct-19,       9, 21   ,            21,           0
     14, Nov-19,      10, 22   ,            22,           0
     14, Dec-19,      11, 23   ,            23,           0
     14, Jan-20,      12, 22   ,            22,           0
     14, Feb-20,      13, 21.0 ,            18,           1
     14, Mar-20,      14, 22.33,            16,           1
     14, Apr-20,      15, 22.33,            20,           1
     14, May-20,      16, 22   ,            22,           0
     14, Jun-20,      17, 22   ,            22,           0
     14, Jul-20,      18, 22   ,            22,           0
     14, Aug-20,      19, 22   ,            22,           0
     14, Sep-20,      20, 22   ,            22,           0
     14, Oct-20,      21, 22   ,            22,           0
     14, Nov-20,      22, 23   ,            23,           0
     14, Dec-20,      23, 26   ,            26,           0
     14, Jan-21,      24, 23   ,            23,           0
     14, Feb-21,      25, 21   ,            21,           0
     14, Mar-21,      26, 23   ,            23,           0
     14, Apr-21,      27, 22   ,            22,           0
     14, May-21,      28, 24   ,            24,           0
     14, Jun-21,      29, 24   ,            24,           0
     14, Jul-21,      30, 23   ,            23,           0
     14, Aug-21,      31, 23   ,            23,           0
     14, Sep-21,      32, 23   ,            23,           0
     14, Oct-21,      33, 25   ,            25,           0
     14, Nov-21,      34, 25   ,            25,           0
     14, Dec-21,      35, 27   ,            27,           0
     14, Jan-22,      36, 24   ,            24,           0
     14, Feb-22,      37, 23   ,            23,           0
     14, Mar-22,      38, 23   ,            23,           0
     14, Apr-22,      39, 24   ,            24,           0
     14, May-22,      40, 24   ,            24,           0
     14, Jun-22,      41, 24   ,            24,           0
     14, Jul-22,      42, 25   ,            25,           0
     14, Aug-22,      43, 23   ,            23,           0
     14, Sep-22,      44, 25   ,            25,           0
     14, Oct-22,      45, 25   ,            25,           0
     14, Nov-22,      46, 25   ,            25,           0
     14, Dec-22,      47, 26   ,            26,           0
     15, Jan-19,       0, 12   ,            12,           0
     15, Feb-19,       1, 11   ,            11,           0
     15, Mar-19,       2, 11   ,            11,           0
     15, Apr-19,       3, 12   ,            12,           0
     15, May-19,       4, 13   ,            13,           0
     15, Jun-19,       5, 13   ,            13,           0
     15, Jul-19,       6, 13   ,            13,           0
     15, Aug-19,       7, 13   ,            13,           0
     15, Sep-19,       8, 13   ,            13,           0
     15, Oct-19,       9, 13   ,            13,           0
     15, Nov-19,      10, 15   ,            15,           0
     15, Dec-19,      11, 17   ,            17,           0
     15, Jan-20,      12, 14   ,            14,           0
     15, Feb-20,      13, 13.67,            11,           1
     15, Mar-20,      14, 15.0 ,            11,           1
     15, Apr-20,      15, 15.67,            12,           1
     15, May-20,      16, 16   ,            16,           0
     15, Jun-20,      17, 15   ,            15,           0
     15, Jul-20,      18, 16   ,            16,           0
     15, Aug-20,      19, 15   ,            15,           0
     15, Sep-20,      20, 15   ,            15,           0
     15, Oct-20,      21, 17   ,            17,           0
     15, Nov-20,      22, 16   ,            16,           0
     15, Dec-20,      23, 20   ,            20,           0
     15, Jan-21,      24, 16   ,            16,           0
     15, Feb-21,      25, 14   ,            14,           0
     15, Mar-21,      26, 15   ,            15,           0
     15, Apr-21,      27, 17   ,            17,           0
     15, May-21,      28, 17   ,            17,           0
     15, Jun-21,      29, 18   ,            18,           0
     15, Jul-21,      30, 17   ,            17,           0
     15, Aug-21,      31, 17   ,            17,           0
     15, Sep-21,      32, 17   ,            17,           0
     15, Oct-21,      33, 20   ,            20,           0
     15, Nov-21,      34, 18   ,            18,           0
     15, Dec-21,      35, 20   ,            20,           0
     15, Jan-22,      36, 19   ,            19,           0
     15, Feb-22,      37, 16   ,            16,           0
     15, Mar-22,      38, 19   ,            19,           0
     15, Apr-22,      39, 18   ,            18,           0
     15, May-22,      40, 19   ,            19,           0
     15, Jun-22,      41, 21   ,            21,           0
     15, Jul-22,      42, 20   ,            20,           0
     15, Aug-22,      43, 18   ,            18,           0
     15, Sep-22,      44, 19   ,            19,           0
     15, Oct-22,      45, 21   ,            21,           0
     15, Nov-22,      46, 21   ,            21,           0
     15, Dec-22,      47, 26   ,            26,           0
     16, Jan-19,       0, 14   ,            14,           0
     16, Feb-19,       1, 13   ,            13,           0
     16, Mar-19,       2, 14   ,            14,           0
     16, Apr-19,       3, 14   ,            14,           0
     16, May-19,       4, 15   ,            15,           0
     16, Jun-19,       5, 15   ,            15,           0
     16, Jul-19,       6, 15   ,            15,           0
     16, Aug-19,       7, 14   ,            14,           0
     16, Sep-19,       8, 15   ,            15,           0
     16, Oct-19,       9, 15   ,            15,           0
     16, Nov-19,      10, 15   ,            15,           0
     16, Dec-19,      11, 18   ,            18,           0
     16, Jan-20,      12, 15   ,            15,           0
     16, Feb-20,      13, 15.0 ,            13,           1
     16, Mar-20,      14, 16.0 ,            12,           1
     16, Apr-20,      15, 16.0 ,            14,           1
     16, May-20,      16, 15   ,            15,           0
     16, Jun-20,      17, 17   ,            17,           0
     16, Jul-20,      18, 15   ,            15,           0
     16, Aug-20,      19, 15   ,            15,           0
     16, Sep-20,      20, 16   ,            16,           0
     16, Oct-20,      21, 16   ,            16,           0
     16, Nov-20,      22, 16   ,            16,           0
     16, Dec-20,      23, 18   ,            18,           0
     16, Jan-21,      24, 16   ,            16,           0
     16, Feb-21,      25, 15   ,            15,           0
     16, Mar-21,      26, 17   ,            17,           0
     16, Apr-21,      27, 16   ,            16,           0
     16, May-21,      28, 16   ,            16,           0
     16, Jun-21,      29, 18   ,            18,           0
     16, Jul-21,      30, 17   ,            17,           0
     16, Aug-21,      31, 17   ,            17,           0
     16, Sep-21,      32, 17   ,            17,           0
     16, Oct-21,      33, 18   ,            18,           0
     16, Nov-21,      34, 17   ,            17,           0
     16, Dec-21,      35, 19   ,            19,           0
     16, Jan-22,      36, 17   ,            17,           0
     16, Feb-22,      37, 17   ,            17,           0
     16, Mar-22,      38, 17   ,            17,           0
     16, Apr-22,      39, 18   ,            18,           0
     16, May-22,      40, 17   ,            17,           0
     16, Jun-22,      41, 19   ,            19,           0
     16, Jul-22,      42, 19   ,            19,           0
     16, Aug-22,      43, 17   ,            17,           0
     16, Sep-22,      44, 18   ,            18,           0
     16, Oct-22,      45, 18   ,            18,           0
     16, Nov-22,      46, 19   ,            19,           0
     16, Dec-22,      47, 21   ,            21,           0
     17, Jan-19,       0,  9   ,             9,           0
     17, Feb-19,       1,  8   ,             8,           0
     17, Mar-19,       2, 10   ,            10,           0
     17, Apr-19,       3, 10   ,            10,           0
     17, May-19,       4,  9   ,             9,           0
     17, Jun-19,       5, 10   ,            10,           0
     17, Jul-19,       6, 11   ,            11,           0
     17, Aug-19,       7, 10   ,            10,           0
     17, Sep-19,       8, 10   ,            10,           0
     17, Oct-19,       9, 10   ,            10,           0
     17, Nov-19,      10,  9   ,             9,           0
     17, Dec-19,      11, 13   ,            13,           0
     17, Jan-20,      12, 10   ,            10,           0
     17, Feb-20,      13, 10.0 ,             8,           1
     17, Mar-20,      14, 11.0 ,             8,           1
     17, Apr-20,      15, 10.67,             9,           1
     17, May-20,      16, 10   ,            10,           0
     17, Jun-20,      17, 10   ,            10,           0
     17, Jul-20,      18, 11   ,            11,           0
     17, Aug-20,      19, 10   ,            10,           0
     17, Sep-20,      20, 12   ,            12,           0
     17, Oct-20,      21, 12   ,            12,           0
     17, Nov-20,      22, 12   ,            12,           0
     17, Dec-20,      23, 12   ,            12,           0
     17, Jan-21,      24, 11   ,            11,           0
     17, Feb-21,      25, 10   ,            10,           0
     17, Mar-21,      26, 11   ,            11,           0
     17, Apr-21,      27, 11   ,            11,           0
     17, May-21,      28, 11   ,            11,           0
     17, Jun-21,      29, 11   ,            11,           0
     17, Jul-21,      30, 11   ,            11,           0
     17, Aug-21,      31, 11   ,            11,           0
     17, Sep-21,      32, 11   ,            11,           0
     17, Oct-21,      33, 12   ,            12,           0
     17, Nov-21,      34, 12   ,            12,           0
     17, Dec-21,      35, 14   ,            14,           0
     17, Jan-22,      36, 11   ,            11,           0
     17, Feb-22,      37, 12   ,            12,           0
     17, Mar-22,      38, 12   ,            12,           0
     17, Apr-22,      39, 11   ,            11,           0
     17, May-22,      40, 12   ,            12,           0
     17, Jun-22,      41, 13   ,            13,           0
     17, Jul-22,      42, 12   ,            12,           0
     17, Aug-22,      43, 11   ,            11,           0
     17, Sep-22,      44, 13   ,            13,           0
     17, Oct-22,      45, 14   ,            14,           0
     17, Nov-22,      46, 12   ,            12,           0
     17, Dec-22,      47, 14   ,            14,           0
     18, Jan-19,       0, 12   ,            12,           0
     18, Feb-19,       1, 11   ,            11,           0
     18, Mar-19,       2, 11   ,            11,           0
     18, Apr-19,       3, 12   ,            12,           0
     18, May-19,       4, 12   ,            12,           0
     18, Jun-19,       5, 12   ,            12,           0
     18, Jul-19,       6, 12   ,            12,           0
     18, Aug-19,       7, 12   ,            12,           0
     18, Sep-19,       8, 12   ,            12,           0
     18, Oct-19,       9, 12   ,            12,           0
     18, Nov-19,      10, 13   ,            13,           0
     18, Dec-19,      11, 14   ,            14,           0
     18, Jan-20,      12, 12   ,            12,           0
     18, Feb-20,      13, 12.33,             9,           1
     18, Mar-20,      14, 13.0 ,             9,           1
     18, Apr-20,      15, 12.67,            11,           1
     18, May-20,      16, 12   ,            12,           0
     18, Jun-20,      17, 13   ,            13,           0
     18, Jul-20,      18, 13   ,            13,           0
     18, Aug-20,      19, 13   ,            13,           0
     18, Sep-20,      20, 12   ,            12,           0
     18, Oct-20,      21, 13   ,            13,           0
     18, Nov-20,      22, 13   ,            13,           0
     18, Dec-20,      23, 16   ,            16,           0
     18, Jan-21,      24, 13   ,            13,           0
     18, Feb-21,      25, 13   ,            13,           0
     18, Mar-21,      26, 13   ,            13,           0
     18, Apr-21,      27, 12   ,            12,           0
     18, May-21,      28, 13   ,            13,           0
     18, Jun-21,      29, 14   ,            14,           0
     18, Jul-21,      30, 15   ,            15,           0
     18, Aug-21,      31, 13   ,            13,           0
     18, Sep-21,      32, 14   ,            14,           0
     18, Oct-21,      33, 14   ,            14,           0
     18, Nov-21,      34, 14   ,            14,           0
     18, Dec-21,      35, 16   ,            16,           0
     18, Jan-22,      36, 13   ,            13,           0
     18, Feb-22,      37, 13   ,            13,           0
     18, Mar-22,      38, 15   ,            15,           0
     18, Apr-22,      39, 14   ,            14,           0
     18, May-22,      40, 14   ,            14,           0
     18, Jun-22,      41, 15   ,            15,           0
     18, Jul-22,      42, 14   ,            14,           0
     18, Aug-22,      43, 14   ,            14,           0
     18, Sep-22,      44, 14   ,            14,           0
     18, Oct-22,      45, 15   ,            15,           0
     18, Nov-22,      46, 15   ,            15,           0
     18, Dec-22,      47, 17   ,            17,           0
     19, Jan-19,       0,  9   ,             9,           0
     19, Feb-19,       1,  8   ,             8,           0
     19, Mar-19,       2, 10   ,            10,           0
     19, Apr-19,       3,  9   ,             9,           0
     19, May-19,       4,  9   ,             9,           0
     19, Jun-19,       5,  9   ,             9,           0
     19, Jul-19,       6, 10   ,            10,           0
     19, Aug-19,       7,  9   ,             9,           0
     19, Sep-19,       8, 10   ,            10,           0
     19, Oct-19,       9, 10   ,            10,           0
     19, Nov-19,      10, 10   ,            10,           0
     19, Dec-19,      11, 10   ,            10,           0
     19, Jan-20,      12, 10   ,            10,           0
     19, Feb-20,      13,  8.67,             9,           1
     19, Mar-20,      14, 10.0 ,             7,           1
     19, Apr-20,      15,  9.0 ,             9,           1
     19, May-20,      16, 10   ,            10,           0
     19, Jun-20,      17,  9   ,             9,           0
     19, Jul-20,      18, 10   ,            10,           0
     19, Aug-20,      19,  9   ,             9,           0
     19, Sep-20,      20,  9   ,             9,           0
     19, Oct-20,      21,  9   ,             9,           0
     19, Nov-20,      22, 10   ,            10,           0
     19, Dec-20,      23, 11   ,            11,           0
     19, Jan-21,      24,  9   ,             9,           0
     19, Feb-21,      25,  9   ,             9,           0
     19, Mar-21,      26, 10   ,            10,           0
     19, Apr-21,      27,  9   ,             9,           0
     19, May-21,      28, 10   ,            10,           0
     19, Jun-21,      29, 10   ,            10,           0
     19, Jul-21,      30, 10   ,            10,           0
     19, Aug-21,      31, 10   ,            10,           0
     19, Sep-21,      32,  9   ,             9,           0
     19, Oct-21,      33, 11   ,            11,           0
     19, Nov-21,      34,  9   ,             9,           0
     19, Dec-21,      35, 10   ,            10,           0
     19, Jan-22,      36, 10   ,            10,           0
     19, Feb-22,      37,  9   ,             9,           0
     19, Mar-22,      38, 10   ,            10,           0
     19, Apr-22,      39,  9   ,             9,           0
     19, May-22,      40, 10   ,            10,           0
     19, Jun-22,      41, 10   ,            10,           0
     19, Jul-22,      42, 10   ,            10,           0
     19, Aug-22,      43, 10   ,            10,           0
     19, Sep-22,      44, 10   ,            10,           0
     19, Oct-22,      45, 11   ,            11,           0
     19, Nov-22,      46, 10   ,            10,           0
     19, Dec-22,      47, 12   ,            12,           0
     20, Jan-19,       0, 20   ,            20,           0
     20, Feb-19,       1, 19   ,            19,           0
     20, Mar-19,       2, 20   ,            20,           0
     20, Apr-19,       3, 21   ,            21,           0
     20, May-19,       4, 20   ,            20,           0
     20, Jun-19,       5, 21   ,            21,           0
     20, Jul-19,       6, 21   ,            21,           0
     20, Aug-19,       7, 21   ,            21,           0
     20, Sep-19,       8, 22   ,            22,           0
     20, Oct-19,       9, 22   ,            22,           0
     20, Nov-19,      10, 22   ,            22,           0
     20, Dec-19,      11, 23   ,            23,           0
     20, Jan-20,      12, 22   ,            22,           0
     20, Feb-20,      13, 20.67,            18,           1
     20, Mar-20,      14, 22.0 ,            16,           1
     20, Apr-20,      15, 22.33,            19,           1
     20, May-20,      16, 22   ,            22,           0
     20, Jun-20,      17, 23   ,            23,           0
     20, Jul-20,      18, 22   ,            22,           0
     20, Aug-20,      19, 22   ,            22,           0
     20, Sep-20,      20, 23   ,            23,           0
     20, Oct-20,      21, 23   ,            23,           0
     20, Nov-20,      22, 23   ,            23,           0
     20, Dec-20,      23, 26   ,            26,           0
     20, Jan-21,      24, 22   ,            22,           0
     20, Feb-21,      25, 21   ,            21,           0
     20, Mar-21,      26, 23   ,            23,           0
     20, Apr-21,      27, 22   ,            22,           0
     20, May-21,      28, 23   ,            23,           0
     20, Jun-21,      29, 23   ,            23,           0
     20, Jul-21,      30, 25   ,            25,           0
     20, Aug-21,      31, 24   ,            24,           0
     20, Sep-21,      32, 24   ,            24,           0
     20, Oct-21,      33, 24   ,            24,           0
     20, Nov-21,      34, 24   ,            24,           0
     20, Dec-21,      35, 26   ,            26,           0
     20, Jan-22,      36, 25   ,            25,           0
     20, Feb-22,      37, 22   ,            22,           0
     20, Mar-22,      38, 23   ,            23,           0
     20, Apr-22,      39, 24   ,            24,           0
     20, May-22,      40, 23   ,            23,           0
     20, Jun-22,      41, 26   ,            26,           0
     20, Jul-22,      42, 26   ,            26,           0
     20, Aug-22,      43, 24   ,            24,           0
     20, Sep-22,      44, 24   ,            24,           0
     20, Oct-22,      45, 26   ,            26,           0
     20, Nov-22,      46, 25   ,            25,           0
     20, Dec-22,      47, 28   ,            28,           0
     21, Jan-19,       0,  9   ,             9,           0
     21, Feb-19,       1,  8   ,             8,           0
     21, Mar-19,       2,  9   ,             9,           0
     21, Apr-19,       3, 10   ,            10,           0
     21, May-19,       4, 11   ,            11,           0
     21, Jun-19,       5, 11   ,            11,           0
     21, Jul-19,       6, 11   ,            11,           0
     21, Aug-19,       7, 11   ,            11,           0
     21, Sep-19,       8, 13   ,            13,           0
     21, Oct-19,       9, 12   ,            12,           0
     21, Nov-19,      10, 13   ,            13,           0
     21, Dec-19,      11, 16   ,            16,           0
     21, Jan-20,      12, 14   ,            14,           0
     21, Feb-20,      13, 14.0 ,            11,           1
     21, Mar-20,      14, 15.0 ,            10,           1
     21, Apr-20,      15, 15.67,            12,           1
     21, May-20,      16, 15   ,            15,           0
     21, Jun-20,      17, 16   ,            16,           0
     21, Jul-20,      18, 15   ,            15,           0
     21, Aug-20,      19, 14   ,            14,           0
     21, Sep-20,      20, 17   ,            17,           0
     21, Oct-20,      21, 15   ,            15,           0
     21, Nov-20,      22, 15   ,            15,           0
     21, Dec-20,      23, 21   ,            21,           0
     21, Jan-21,      24, 16   ,            16,           0
     21, Feb-21,      25, 15   ,            15,           0
     21, Mar-21,      26, 15   ,            15,           0
     21, Apr-21,      27, 18   ,            18,           0
     21, May-21,      28, 18   ,            18,           0
     21, Jun-21,      29, 18   ,            18,           0
     21, Jul-21,      30, 20   ,            20,           0
     21, Aug-21,      31, 18   ,            18,           0
     21, Sep-21,      32, 21   ,            21,           0
     21, Oct-21,      33, 20   ,            20,           0
     21, Nov-21,      34, 22   ,            22,           0
     21, Dec-21,      35, 25   ,            25,           0
     21, Jan-22,      36, 21   ,            21,           0
     21, Feb-22,      37, 19   ,            19,           0
     21, Mar-22,      38, 21   ,            21,           0
     21, Apr-22,      39, 19   ,            19,           0
     21, May-22,      40, 21   ,            21,           0
     21, Jun-22,      41, 22   ,            22,           0
     21, Jul-22,      42, 25   ,            25,           0
     21, Aug-22,      43, 23   ,            23,           0
     21, Sep-22,      44, 24   ,            24,           0
     21, Oct-22,      45, 22   ,            22,           0
     21, Nov-22,      46, 23   ,            23,           0
     21, Dec-22,      47, 32   ,            32,           0
     22, Jan-19,       0, 26   ,            26,           0
     22, Feb-19,       1, 25   ,            25,           0
     22, Mar-19,       2, 26   ,            26,           0
     22, Apr-19,       3, 25   ,            25,           0
     22, May-19,       4, 26   ,            26,           0
     22, Jun-19,       5, 26   ,            26,           0
     22, Jul-19,       6, 27   ,            27,           0
     22, Aug-19,       7, 26   ,            26,           0
     22, Sep-19,       8, 27   ,            27,           0
     22, Oct-19,       9, 26   ,            26,           0
     22, Nov-19,      10, 26   ,            26,           0
     22, Dec-19,      11, 30   ,            30,           0
     22, Jan-20,      12, 27   ,            27,           0
     22, Feb-20,      13, 27.67,            23,           1
     22, Mar-20,      14, 28.33,            21,           1
     22, Apr-20,      15, 28.0 ,            24,           1
     22, May-20,      16, 28   ,            28,           0
     22, Jun-20,      17, 28   ,            28,           0
     22, Jul-20,      18, 29   ,            29,           0
     22, Aug-20,      19, 29   ,            29,           0
     22, Sep-20,      20, 29   ,            29,           0
     22, Oct-20,      21, 29   ,            29,           0
     22, Nov-20,      22, 29   ,            29,           0
     22, Dec-20,      23, 32   ,            32,           0
     22, Jan-21,      24, 29   ,            29,           0
     22, Feb-21,      25, 28   ,            28,           0
     22, Mar-21,      26, 29   ,            29,           0
     22, Apr-21,      27, 28   ,            28,           0
     22, May-21,      28, 29   ,            29,           0
     22, Jun-21,      29, 30   ,            30,           0
     22, Jul-21,      30, 31   ,            31,           0
     22, Aug-21,      31, 29   ,            29,           0
     22, Sep-21,      32, 29   ,            29,           0
     22, Oct-21,      33, 31   ,            31,           0
     22, Nov-21,      34, 32   ,            32,           0
     22, Dec-21,      35, 32   ,            32,           0
     22, Jan-22,      36, 30   ,            30,           0
     22, Feb-22,      37, 30   ,            30,           0
     22, Mar-22,      38, 30   ,            30,           0
     22, Apr-22,      39, 31   ,            31,           0
     22, May-22,      40, 31   ,            31,           0
     22, Jun-22,      41, 31   ,            31,           0
     22, Jul-22,      42, 32   ,            32,           0
     22, Aug-22,      43, 32   ,            32,           0
     22, Sep-22,      44, 31   ,            31,           0
     22, Oct-22,      45, 31   ,            31,           0
     22, Nov-22,      46, 29   ,            29,           0
     22, Dec-22,      47, 33   ,            33,           0
     23, Jan-19,       0, 14   ,            14,           0
     23, Feb-19,       1, 14   ,            14,           0
     23, Mar-19,       2, 14   ,            14,           0
     23, Apr-19,       3, 15   ,            15,           0
     23, May-19,       4, 15   ,            15,           0
     23, Jun-19,       5, 15   ,            15,           0
     23, Jul-19,       6, 15   ,            15,           0
     23, Aug-19,       7, 14   ,            14,           0
     23, Sep-19,       8, 15   ,            15,           0
     23, Oct-19,       9, 15   ,            15,           0
     23, Nov-19,      10, 16   ,            16,           0
     23, Dec-19,      11, 17   ,            17,           0
     23, Jan-20,      12, 15   ,            15,           0
     23, Feb-20,      13, 14.0 ,            12,           1
     23, Mar-20,      14, 14.33,            11,           1
     23, Apr-20,      15, 14.67,            13,           1
     23, May-20,      16, 15   ,            15,           0
     23, Jun-20,      17, 15   ,            15,           0
     23, Jul-20,      18, 15   ,            15,           0
     23, Aug-20,      19, 15   ,            15,           0
     23, Sep-20,      20, 16   ,            16,           0
     23, Oct-20,      21, 16   ,            16,           0
     23, Nov-20,      22, 16   ,            16,           0
     23, Dec-20,      23, 16   ,            16,           0
     23, Jan-21,      24, 14   ,            14,           0
     23, Feb-21,      25, 14   ,            14,           0
     23, Mar-21,      26, 14   ,            14,           0
     23, Apr-21,      27, 14   ,            14,           0
     23, May-21,      28, 15   ,            15,           0
     23, Jun-21,      29, 15   ,            15,           0
     23, Jul-21,      30, 15   ,            15,           0
     23, Aug-21,      31, 15   ,            15,           0
     23, Sep-21,      32, 15   ,            15,           0
     23, Oct-21,      33, 16   ,            16,           0
     23, Nov-21,      34, 15   ,            15,           0
     23, Dec-21,      35, 17   ,            17,           0
     23, Jan-22,      36, 15   ,            15,           0
     23, Feb-22,      37, 14   ,            14,           0
     23, Mar-22,      38, 15   ,            15,           0
     23, Apr-22,      39, 15   ,            15,           0
     23, May-22,      40, 15   ,            15,           0
     23, Jun-22,      41, 16   ,            16,           0
     23, Jul-22,      42, 16   ,            16,           0
     23, Aug-22,      43, 15   ,            15,           0
     23, Sep-22,      44, 16   ,            16,           0
     23, Oct-22,      45, 16   ,            16,           0
     23, Nov-22,      46, 15   ,            15,           0
     23, Dec-22,      47, 19   ,            19,           0
     24, Jan-19,       0, 10   ,            10,           0
     24, Feb-19,       1,  9   ,             9,           0
     24, Mar-19,       2,  9   ,             9,           0
     24, Apr-19,       3,  9   ,             9,           0
     24, May-19,       4, 10   ,            10,           0
     24, Jun-19,       5, 10   ,            10,           0
     24, Jul-19,       6, 10   ,            10,           0
     24, Aug-19,       7, 10   ,            10,           0
     24, Sep-19,       8, 11   ,            11,           0
     24, Oct-19,       9, 11   ,            11,           0
     24, Nov-19,      10, 11   ,            11,           0
     24, Dec-19,      11, 13   ,            13,           0
     24, Jan-20,      12, 11   ,            11,           0
     24, Feb-20,      13, 10.33,             9,           1
     24, Mar-20,      14, 11.0 ,             9,           1
     24, Apr-20,      15, 11.67,            10,           1
     24, May-20,      16, 10   ,            10,           0
     24, Jun-20,      17, 12   ,            12,           0
     24, Jul-20,      18, 11   ,            11,           0
     24, Aug-20,      19, 11   ,            11,           0
     24, Sep-20,      20, 12   ,            12,           0
     24, Oct-20,      21, 12   ,            12,           0
     24, Nov-20,      22, 13   ,            13,           0
     24, Dec-20,      23, 13   ,            13,           0
     24, Jan-21,      24, 12   ,            12,           0
     24, Feb-21,      25, 11   ,            11,           0
     24, Mar-21,      26, 12   ,            12,           0
     24, Apr-21,      27, 12   ,            12,           0
     24, May-21,      28, 13   ,            13,           0
     24, Jun-21,      29, 12   ,            12,           0
     24, Jul-21,      30, 12   ,            12,           0
     24, Aug-21,      31, 13   ,            13,           0
     24, Sep-21,      32, 12   ,            12,           0
     24, Oct-21,      33, 14   ,            14,           0
     24, Nov-21,      34, 12   ,            12,           0
     24, Dec-21,      35, 17   ,            17,           0
     24, Jan-22,      36, 13   ,            13,           0
     24, Feb-22,      37, 11   ,            11,           0
     24, Mar-22,      38, 12   ,            12,           0
     24, Apr-22,      39, 14   ,            14,           0
     24, May-22,      40, 13   ,            13,           0
     24, Jun-22,      41, 13   ,            13,           0
     24, Jul-22,      42, 15   ,            15,           0
     24, Aug-22,      43, 13   ,            13,           0
     24, Sep-22,      44, 14   ,            14,           0
     24, Oct-22,      45, 15   ,            15,           0
     24, Nov-22,      46, 15   ,            15,           0
     24, Dec-22,      47, 17   ,            17,           0
     25, Jan-19,       0, 13   ,            13,           0
     25, Feb-19,       1, 13   ,            13,           0
     25, Mar-19,       2, 13   ,            13,           0
     25, Apr-19,       3, 14   ,            14,           0
     25, May-19,       4, 13   ,            13,           0
     25, Jun-19,       5, 14   ,            14,           0
     25, Jul-19,       6, 14   ,            14,           0
     25, Aug-19,       7, 13   ,            13,           0
     25, Sep-19,       8, 14   ,            14,           0
     25, Oct-19,       9, 15   ,            15,           0
     25, Nov-19,      10, 15   ,            15,           0
     25, Dec-19,      11, 17   ,            17,           0
     25, Jan-20,      12, 14   ,            14,           0
     25, Feb-20,      13, 15.0 ,            12,           1
     25, Mar-20,      14, 15.0 ,            12,           1
     25, Apr-20,      15, 15.33,            14,           1
     25, May-20,      16, 15   ,            15,           0
     25, Jun-20,      17, 15   ,            15,           0
     25, Jul-20,      18, 15   ,            15,           0
     25, Aug-20,      19, 15   ,            15,           0
     25, Sep-20,      20, 15   ,            15,           0
     25, Oct-20,      21, 16   ,            16,           0
     25, Nov-20,      22, 16   ,            16,           0
     25, Dec-20,      23, 17   ,            17,           0
     25, Jan-21,      24, 16   ,            16,           0
     25, Feb-21,      25, 15   ,            15,           0
     25, Mar-21,      26, 15   ,            15,           0
     25, Apr-21,      27, 16   ,            16,           0
     25, May-21,      28, 16   ,            16,           0
     25, Jun-21,      29, 16   ,            16,           0
     25, Jul-21,      30, 16   ,            16,           0
     25, Aug-21,      31, 16   ,            16,           0
     25, Sep-21,      32, 18   ,            18,           0
     25, Oct-21,      33, 18   ,            18,           0
     25, Nov-21,      34, 18   ,            18,           0
     25, Dec-21,      35, 20   ,            20,           0
     25, Jan-22,      36, 18   ,            18,           0
     25, Feb-22,      37, 17   ,            17,           0
     25, Mar-22,      38, 17   ,            17,           0
     25, Apr-22,      39, 16   ,            16,           0
     25, May-22,      40, 17   ,            17,           0
     25, Jun-22,      41, 18   ,            18,           0
     25, Jul-22,      42, 17   ,            17,           0
     25, Aug-22,      43, 17   ,            17,           0
     25, Sep-22,      44, 17   ,            17,           0
     25, Oct-22,      45, 19   ,            19,           0
     25, Nov-22,      46, 19   ,            19,           0
     25, Dec-22,      47, 19   ,            19,           0
     26, Jan-19,       0, 14   ,            14,           0
     26, Feb-19,       1, 13   ,            13,           0
     26, Mar-19,       2, 13   ,            13,           0
     26, Apr-19,       3, 14   ,            14,           0
     26, May-19,       4, 14   ,            14,           0
     26, Jun-19,       5, 13   ,            13,           0
     26, Jul-19,       6, 13   ,            13,           0
     26, Aug-19,       7, 13   ,            13,           0
     26, Sep-19,       8, 13   ,            13,           0
     26, Oct-19,       9, 14   ,            14,           0
     26, Nov-19,      10, 14   ,            14,           0
     26, Dec-19,      11, 15   ,            15,           0
     26, Jan-20,      12, 14   ,            14,           0
     26, Feb-20,      13, 13.33,            11,           1
     26, Mar-20,      14, 13.67,            10,           1
     26, Apr-20,      15, 14.0 ,            12,           1
     26, May-20,      16, 14   ,            14,           0
     26, Jun-20,      17, 14   ,            14,           0
     26, Jul-20,      18, 15   ,            15,           0
     26, Aug-20,      19, 14   ,            14,           0
     26, Sep-20,      20, 14   ,            14,           0
     26, Oct-20,      21, 15   ,            15,           0
     26, Nov-20,      22, 14   ,            14,           0
     26, Dec-20,      23, 16   ,            16,           0
     26, Jan-21,      24, 13   ,            13,           0
     26, Feb-21,      25, 13   ,            13,           0
     26, Mar-21,      26, 14   ,            14,           0
     26, Apr-21,      27, 14   ,            14,           0
     26, May-21,      28, 14   ,            14,           0
     26, Jun-21,      29, 14   ,            14,           0
     26, Jul-21,      30, 14   ,            14,           0
     26, Aug-21,      31, 13   ,            13,           0
     26, Sep-21,      32, 14   ,            14,           0
     26, Oct-21,      33, 15   ,            15,           0
     26, Nov-21,      34, 14   ,            14,           0
     26, Dec-21,      35, 16   ,            16,           0
     26, Jan-22,      36, 14   ,            14,           0
     26, Feb-22,      37, 14   ,            14,           0
     26, Mar-22,      38, 14   ,            14,           0
     26, Apr-22,      39, 14   ,            14,           0
     26, May-22,      40, 14   ,            14,           0
     26, Jun-22,      41, 14   ,            14,           0
     26, Jul-22,      42, 15   ,            15,           0
     26, Aug-22,      43, 14   ,            14,           0
     26, Sep-22,      44, 14   ,            14,           0
     26, Oct-22,      45, 14   ,            14,           0
     26, Nov-22,      46, 15   ,            15,           0
     26, Dec-22,      47, 17   ,            17,           0
     27, Jan-19,       0, 11   ,            11,           0
     27, Feb-19,       1, 11   ,            11,           0
     27, Mar-19,       2, 12   ,            12,           0
     27, Apr-19,       3, 12   ,            12,           0
     27, May-19,       4, 11   ,            11,           0
     27, Jun-19,       5, 13   ,            13,           0
     27, Jul-19,       6, 13   ,            13,           0
     27, Aug-19,       7, 12   ,            12,           0
     27, Sep-19,       8, 13   ,            13,           0
     27, Oct-19,       9, 13   ,            13,           0
     27, Nov-19,      10, 12   ,            12,           0
     27, Dec-19,      11, 13   ,            13,           0
     27, Jan-20,      12, 12   ,            12,           0
     27, Feb-20,      13, 13.0 ,            10,           1
     27, Mar-20,      14, 14.0 ,             9,           1
     27, Apr-20,      15, 13.67,            12,           1
     27, May-20,      16, 13   ,            13,           0
     27, Jun-20,      17, 14   ,            14,           0
     27, Jul-20,      18, 13   ,            13,           0
     27, Aug-20,      19, 14   ,            14,           0
     27, Sep-20,      20, 13   ,            13,           0
     27, Oct-20,      21, 14   ,            14,           0
     27, Nov-20,      22, 14   ,            14,           0
     27, Dec-20,      23, 15   ,            15,           0
     27, Jan-21,      24, 14   ,            14,           0
     27, Feb-21,      25, 14   ,            14,           0
     27, Mar-21,      26, 15   ,            15,           0
     27, Apr-21,      27, 15   ,            15,           0
     27, May-21,      28, 14   ,            14,           0
     27, Jun-21,      29, 15   ,            15,           0
     27, Jul-21,      30, 14   ,            14,           0
     27, Aug-21,      31, 15   ,            15,           0
     27, Sep-21,      32, 15   ,            15,           0
     27, Oct-21,      33, 17   ,            17,           0
     27, Nov-21,      34, 17   ,            17,           0
     27, Dec-21,      35, 18   ,            18,           0
     27, Jan-22,      36, 15   ,            15,           0
     27, Feb-22,      37, 14   ,            14,           0
     27, Mar-22,      38, 15   ,            15,           0
     27, Apr-22,      39, 14   ,            14,           0
     27, May-22,      40, 15   ,            15,           0
     27, Jun-22,      41, 17   ,            17,           0
     27, Jul-22,      42, 17   ,            17,           0
     27, Aug-22,      43, 17   ,            17,           0
     27, Sep-22,      44, 16   ,            16,           0
     27, Oct-22,      45, 16   ,            16,           0
     27, Nov-22,      46, 17   ,            17,           0
     27, Dec-22,      47, 19   ,            19,           0
     28, Jan-19,       0, 10   ,            10,           0
     28, Feb-19,       1, 10   ,            10,           0
     28, Mar-19,       2, 10   ,            10,           0
     28, Apr-19,       3,  9   ,             9,           0
     28, May-19,       4, 10   ,            10,           0
     28, Jun-19,       5, 10   ,            10,           0
     28, Jul-19,       6, 10   ,            10,           0
     28, Aug-19,       7, 10   ,            10,           0
     28, Sep-19,       8, 10   ,            10,           0
     28, Oct-19,       9, 11   ,            11,           0
     28, Nov-19,      10, 11   ,            11,           0
     28, Dec-19,      11, 12   ,            12,           0
     28, Jan-20,      12, 10   ,            10,           0
     28, Feb-20,      13, 10.0 ,             9,           1
     28, Mar-20,      14,  9.67,             8,           1
     28, Apr-20,      15,  9.67,             9,           1
     28, May-20,      16, 10   ,            10,           0
     28, Jun-20,      17, 11   ,            11,           0
     28, Jul-20,      18, 11   ,            11,           0
     28, Aug-20,      19, 11   ,            11,           0
     28, Sep-20,      20, 11   ,            11,           0
     28, Oct-20,      21, 11   ,            11,           0
     28, Nov-20,      22, 11   ,            11,           0
     28, Dec-20,      23, 11   ,            11,           0
     28, Jan-21,      24, 11   ,            11,           0
     28, Feb-21,      25, 10   ,            10,           0
     28, Mar-21,      26, 10   ,            10,           0
     28, Apr-21,      27, 10   ,            10,           0
     28, May-21,      28, 11   ,            11,           0
     28, Jun-21,      29, 10   ,            10,           0
     28, Jul-21,      30, 11   ,            11,           0
     28, Aug-21,      31,  9   ,             9,           0
     28, Sep-21,      32, 10   ,            10,           0
     28, Oct-21,      33, 11   ,            11,           0
     28, Nov-21,      34, 10   ,            10,           0
     28, Dec-21,      35, 11   ,            11,           0
     28, Jan-22,      36, 10   ,            10,           0
     28, Feb-22,      37, 10   ,            10,           0
     28, Mar-22,      38,  9   ,             9,           0
     28, Apr-22,      39, 10   ,            10,           0
     28, May-22,      40, 10   ,            10,           0
     28, Jun-22,      41, 10   ,            10,           0
     28, Jul-22,      42, 11   ,            11,           0
     28, Aug-22,      43, 10   ,            10,           0
     28, Sep-22,      44, 10   ,            10,           0
     28, Oct-22,      45, 10   ,            10,           0
     28, Nov-22,      46, 10   ,            10,           0
     28, Dec-22,      47, 11   ,            11,           0
     29, Jan-19,       0,  9   ,             9,           0
     29, Feb-19,       1,  9   ,             9,           0
     29, Mar-19,       2,  9   ,             9,           0
     29, Apr-19,       3, 10   ,            10,           0
     29, May-19,       4, 10   ,            10,           0
     29, Jun-19,       5, 10   ,            10,           0
     29, Jul-19,       6, 11   ,            11,           0
     29, Aug-19,       7, 10   ,            10,           0
     29, Sep-19,       8, 12   ,            12,           0
     29, Oct-19,       9, 11   ,            11,           0
     29, Nov-19,      10, 12   ,            12,           0
     29, Dec-19,      11, 14   ,            14,           0
     29, Jan-20,      12, 13   ,            13,           0
     29, Feb-20,      13, 13.0 ,            10,           1
     29, Mar-20,      14, 12.67,             9,           1
     29, Apr-20,      15, 13.67,            11,           1
     29, May-20,      16, 13   ,            13,           0
     29, Jun-20,      17, 14   ,            14,           0
     29, Jul-20,      18, 13   ,            13,           0
     29, Aug-20,      19, 13   ,            13,           0
     29, Sep-20,      20, 13   ,            13,           0
     29, Oct-20,      21, 14   ,            14,           0
     29, Nov-20,      22, 14   ,            14,           0
     29, Dec-20,      23, 17   ,            17,           0
     29, Jan-21,      24, 13   ,            13,           0
     29, Feb-21,      25, 13   ,            13,           0
     29, Mar-21,      26, 14   ,            14,           0
     29, Apr-21,      27, 13   ,            13,           0
     29, May-21,      28, 14   ,            14,           0
     29, Jun-21,      29, 16   ,            16,           0
     29, Jul-21,      30, 17   ,            17,           0
     29, Aug-21,      31, 15   ,            15,           0
     29, Sep-21,      32, 17   ,            17,           0
     29, Oct-21,      33, 18   ,            18,           0
     29, Nov-21,      34, 19   ,            19,           0
     29, Dec-21,      35, 22   ,            22,           0
     29, Jan-22,      36, 17   ,            17,           0
     29, Feb-22,      37, 17   ,            17,           0
     29, Mar-22,      38, 15   ,            15,           0
     29, Apr-22,      39, 18   ,            18,           0
     29, May-22,      40, 16   ,            16,           0
     29, Jun-22,      41, 17   ,            17,           0
     29, Jul-22,      42, 20   ,            20,           0
     29, Aug-22,      43, 19   ,            19,           0
     29, Sep-22,      44, 21   ,            21,           0
     29, Oct-22,      45, 21   ,            21,           0
     29, Nov-22,      46, 22   ,            22,           0
     29, Dec-22,      47, 22   ,            22,           0
     30, Jan-19,       0, 14   ,            14,           0
     30, Feb-19,       1, 13   ,            13,           0
     30, Mar-19,       2, 13   ,            13,           0
     30, Apr-19,       3, 12   ,            12,           0
     30, May-19,       4, 13   ,            13,           0
     30, Jun-19,       5, 13   ,            13,           0
     30, Jul-19,       6, 12   ,            12,           0
     30, Aug-19,       7, 13   ,            13,           0
     30, Sep-19,       8, 12   ,            12,           0
     30, Oct-19,       9, 13   ,            13,           0
     30, Nov-19,      10, 12   ,            12,           0
     30, Dec-19,      11, 13   ,            13,           0
     30, Jan-20,      12, 12   ,            12,           0
     30, Feb-20,      13, 10.67,             9,           1
     30, Mar-20,      14, 10.67,             9,           1
     30, Apr-20,      15, 10.33,            10,           1
     30, May-20,      16, 11   ,            11,           0
     30, Jun-20,      17, 11   ,            11,           0
     30, Jul-20,      18, 11   ,            11,           0
     30, Aug-20,      19, 11   ,            11,           0
     30, Sep-20,      20, 11   ,            11,           0
     30, Oct-20,      21, 11   ,            11,           0
     30, Nov-20,      22, 11   ,            11,           0
     30, Dec-20,      23, 11   ,            11,           0
     30, Jan-21,      24, 10   ,            10,           0
     30, Feb-21,      25, 10   ,            10,           0
     30, Mar-21,      26, 10   ,            10,           0
     30, Apr-21,      27, 10   ,            10,           0
     30, May-21,      28, 10   ,            10,           0
     30, Jun-21,      29, 10   ,            10,           0
     30, Jul-21,      30, 10   ,            10,           0
     30, Aug-21,      31,  9   ,             9,           0
     30, Sep-21,      32,  9   ,             9,           0
     30, Oct-21,      33,  9   ,             9,           0
     30, Nov-21,      34,  9   ,             9,           0
     30, Dec-21,      35,  9   ,             9,           0
     30, Jan-22,      36,  9   ,             9,           0
     30, Feb-22,      37,  9   ,             9,           0
     30, Mar-22,      38,  9   ,             9,           0
     30, Apr-22,      39,  9   ,             9,           0
     30, May-22,      40,  9   ,             9,           0
     30, Jun-22,      41,  9   ,             9,           0
     30, Jul-22,      42,  9   ,             9,           0
     30, Aug-22,      43,  9   ,             9,           0
     30, Sep-22,      44,  9   ,             9,           0
     30, Oct-22,      45,  9   ,             9,           0
     30, Nov-22,      46,  8   ,             8,           0
     30, Dec-22,      47,  8   ,             8,           0
     31, Jan-19,       0, 10   ,            10,           0
     31, Feb-19,       1, 10   ,            10,           0
     31, Mar-19,       2, 11   ,            11,           0
     31, Apr-19,       3, 11   ,            11,           0
     31, May-19,       4, 10   ,            10,           0
     31, Jun-19,       5, 11   ,            11,           0
     31, Jul-19,       6, 11   ,            11,           0
     31, Aug-19,       7, 11   ,            11,           0
     31, Sep-19,       8, 10   ,            10,           0
     31, Oct-19,       9, 11   ,            11,           0
     31, Nov-19,      10, 10   ,            10,           0
     31, Dec-19,      11, 11   ,            11,           0
     31, Jan-20,      12, 10   ,            10,           0
     31, Feb-20,      13, 10.33,             9,           1
     31, Mar-20,      14, 11.0 ,             8,           1
     31, Apr-20,      15, 11.0 ,             9,           1
     31, May-20,      16, 10   ,            10,           0
     31, Jun-20,      17, 12   ,            12,           0
     31, Jul-20,      18, 12   ,            12,           0
     31, Aug-20,      19, 11   ,            11,           0
     31, Sep-20,      20, 11   ,            11,           0
     31, Oct-20,      21, 12   ,            12,           0
     31, Nov-20,      22, 11   ,            11,           0
     31, Dec-20,      23, 11   ,            11,           0
     31, Jan-21,      24, 11   ,            11,           0
     31, Feb-21,      25, 10   ,            10,           0
     31, Mar-21,      26, 11   ,            11,           0
     31, Apr-21,      27, 10   ,            10,           0
     31, May-21,      28, 11   ,            11,           0
     31, Jun-21,      29, 11   ,            11,           0
     31, Jul-21,      30, 12   ,            12,           0
     31, Aug-21,      31, 12   ,            12,           0
     31, Sep-21,      32, 11   ,            11,           0
     31, Oct-21,      33, 12   ,            12,           0
     31, Nov-21,      34, 11   ,            11,           0
     31, Dec-21,      35, 14   ,            14,           0
     31, Jan-22,      36, 11   ,            11,           0
     31, Feb-22,      37, 11   ,            11,           0
     31, Mar-22,      38, 11   ,            11,           0
     31, Apr-22,      39, 12   ,            12,           0
     31, May-22,      40, 11   ,            11,           0
     31, Jun-22,      41, 11   ,            11,           0
     31, Jul-22,      42, 11   ,            11,           0
     31, Aug-22,      43, 12   ,            12,           0
     31, Sep-22,      44, 12   ,            12,           0
     31, Oct-22,      45, 12   ,            12,           0
     31, Nov-22,      46, 12   ,            12,           0
     31, Dec-22,      47, 14   ,            14,           0
     32, Jan-19,       0, 11   ,            11,           0
     32, Feb-19,       1, 11   ,            11,           0
     32, Mar-19,       2, 12   ,            12,           0
     32, Apr-19,       3, 12   ,            12,           0
     32, May-19,       4, 11   ,            11,           0
     32, Jun-19,       5, 12   ,            12,           0
     32, Jul-19,       6, 12   ,            12,           0
     32, Aug-19,       7, 11   ,            11,           0
     32, Sep-19,       8, 11   ,            11,           0
     32, Oct-19,       9, 12   ,            12,           0
     32, Nov-19,      10, 12   ,            12,           0
     32, Dec-19,      11, 14   ,            14,           0
     32, Jan-20,      12, 11   ,            11,           0
     32, Feb-20,      13, 11.67,            10,           1
     32, Mar-20,      14, 12.0 ,             9,           1
     32, Apr-20,      15, 12.0 ,            10,           1
     32, May-20,      16, 12   ,            12,           0
     32, Jun-20,      17, 12   ,            12,           0
     32, Jul-20,      18, 12   ,            12,           0
     32, Aug-20,      19, 11   ,            11,           0
     32, Sep-20,      20, 12   ,            12,           0
     32, Oct-20,      21, 12   ,            12,           0
     32, Nov-20,      22, 12   ,            12,           0
     32, Dec-20,      23, 14   ,            14,           0
     32, Jan-21,      24, 12   ,            12,           0
     32, Feb-21,      25, 12   ,            12,           0
     32, Mar-21,      26, 12   ,            12,           0
     32, Apr-21,      27, 12   ,            12,           0
     32, May-21,      28, 13   ,            13,           0
     32, Jun-21,      29, 13   ,            13,           0
     32, Jul-21,      30, 13   ,            13,           0
     32, Aug-21,      31, 12   ,            12,           0
     32, Sep-21,      32, 12   ,            12,           0
     32, Oct-21,      33, 13   ,            13,           0
     32, Nov-21,      34, 13   ,            13,           0
     32, Dec-21,      35, 13   ,            13,           0
     32, Jan-22,      36, 13   ,            13,           0
     32, Feb-22,      37, 12   ,            12,           0
     32, Mar-22,      38, 12   ,            12,           0
     32, Apr-22,      39, 12   ,            12,           0
     32, May-22,      40, 12   ,            12,           0
     32, Jun-22,      41, 13   ,            13,           0
     32, Jul-22,      42, 13   ,            13,           0
     32, Aug-22,      43, 14   ,            14,           0
     32, Sep-22,      44, 12   ,            12,           0
     32, Oct-22,      45, 14   ,            14,           0
     32, Nov-22,      46, 12   ,            12,           0
     32, Dec-22,      47, 14   ,            14,           0
     33, Jan-19,       0, 15   ,            15,           0
     33, Feb-19,       1, 15   ,            15,           0
     33, Mar-19,       2, 15   ,            15,           0
     33, Apr-19,       3, 15   ,            15,           0
     33, May-19,       4, 17   ,            17,           0
     33, Jun-19,       5, 16   ,            16,           0
     33, Jul-19,       6, 17   ,            17,           0
     33, Aug-19,       7, 16   ,            16,           0
     33, Sep-19,       8, 17   ,            17,           0
     33, Oct-19,       9, 18   ,            18,           0
     33, Nov-19,      10, 16   ,            16,           0
     33, Dec-19,      11, 19   ,            19,           0
     33, Jan-20,      12, 17   ,            17,           0
     33, Feb-20,      13, 17.0 ,            14,           1
     33, Mar-20,      14, 18.0 ,            14,           1
     33, Apr-20,      15, 18.0 ,            15,           1
     33, May-20,      16, 17   ,            17,           0
     33, Jun-20,      17, 18   ,            18,           0
     33, Jul-20,      18, 17   ,            17,           0
     33, Aug-20,      19, 18   ,            18,           0
     33, Sep-20,      20, 19   ,            19,           0
     33, Oct-20,      21, 19   ,            19,           0
     33, Nov-20,      22, 19   ,            19,           0
     33, Dec-20,      23, 21   ,            21,           0
     33, Jan-21,      24, 19   ,            19,           0
     33, Feb-21,      25, 17   ,            17,           0
     33, Mar-21,      26, 19   ,            19,           0
     33, Apr-21,      27, 19   ,            19,           0
     33, May-21,      28, 19   ,            19,           0
     33, Jun-21,      29, 21   ,            21,           0
     33, Jul-21,      30, 20   ,            20,           0
     33, Aug-21,      31, 20   ,            20,           0
     33, Sep-21,      32, 19   ,            19,           0
     33, Oct-21,      33, 20   ,            20,           0
     33, Nov-21,      34, 20   ,            20,           0
     33, Dec-21,      35, 22   ,            22,           0
     33, Jan-22,      36, 20   ,            20,           0
     33, Feb-22,      37, 19   ,            19,           0
     33, Mar-22,      38, 20   ,            20,           0
     33, Apr-22,      39, 20   ,            20,           0
     33, May-22,      40, 22   ,            22,           0
     33, Jun-22,      41, 20   ,            20,           0
     33, Jul-22,      42, 23   ,            23,           0
     33, Aug-22,      43, 22   ,            22,           0
     33, Sep-22,      44, 23   ,            23,           0
     33, Oct-22,      45, 22   ,            22,           0
     33, Nov-22,      46, 22   ,            22,           0
     33, Dec-22,      47, 27   ,            27,           0
     34, Jan-19,       0, 12   ,            12,           0
     34, Feb-19,       1, 12   ,            12,           0
     34, Mar-19,       2, 12   ,            12,           0
     34, Apr-19,       3, 12   ,            12,           0
     34, May-19,       4, 12   ,            12,           0
     34, Jun-19,       5, 12   ,            12,           0
     34, Jul-19,       6, 13   ,            13,           0
     34, Aug-19,       7, 12   ,            12,           0
     34, Sep-19,       8, 12   ,            12,           0
     34, Oct-19,       9, 12   ,            12,           0
     34, Nov-19,      10, 12   ,            12,           0
     34, Dec-19,      11, 14   ,            14,           0
     34, Jan-20,      12, 12   ,            12,           0
     34, Feb-20,      13, 11.33,             9,           1
     34, Mar-20,      14, 11.0 ,             9,           1
     34, Apr-20,      15, 11.33,            10,           1
     34, May-20,      16, 11   ,            11,           0
     34, Jun-20,      17, 11   ,            11,           0
     34, Jul-20,      18, 13   ,            13,           0
     34, Aug-20,      19, 11   ,            11,           0
     34, Sep-20,      20, 11   ,            11,           0
     34, Oct-20,      21, 12   ,            12,           0
     34, Nov-20,      22, 12   ,            12,           0
     34, Dec-20,      23, 13   ,            13,           0
     34, Jan-21,      24, 12   ,            12,           0
     34, Feb-21,      25, 11   ,            11,           0
     34, Mar-21,      26, 11   ,            11,           0
     34, Apr-21,      27, 11   ,            11,           0
     34, May-21,      28, 11   ,            11,           0
     34, Jun-21,      29, 12   ,            12,           0
     34, Jul-21,      30, 12   ,            12,           0
     34, Aug-21,      31, 11   ,            11,           0
     34, Sep-21,      32, 11   ,            11,           0
     34, Oct-21,      33, 12   ,            12,           0
     34, Nov-21,      34, 11   ,            11,           0
     34, Dec-21,      35, 12   ,            12,           0
     34, Jan-22,      36, 11   ,            11,           0
     34, Feb-22,      37, 11   ,            11,           0
     34, Mar-22,      38, 10   ,            10,           0
     34, Apr-22,      39, 11   ,            11,           0
     34, May-22,      40, 11   ,            11,           0
     34, Jun-22,      41, 11   ,            11,           0
     34, Jul-22,      42, 11   ,            11,           0
     34, Aug-22,      43, 10   ,            10,           0
     34, Sep-22,      44, 11   ,            11,           0
     34, Oct-22,      45, 11   ,            11,           0
     34, Nov-22,      46, 11   ,            11,           0
     34, Dec-22,      47, 11   ,            11,           0
     35, Jan-19,       0, 19   ,            19,           0
     35, Feb-19,       1, 18   ,            18,           0
     35, Mar-19,       2, 18   ,            18,           0
     35, Apr-19,       3, 18   ,            18,           0
     35, May-19,       4, 19   ,            19,           0
     35, Jun-19,       5, 18   ,            18,           0
     35, Jul-19,       6, 19   ,            19,           0
     35, Aug-19,       7, 17   ,            17,           0
     35, Sep-19,       8, 18   ,            18,           0
     35, Oct-19,       9, 18   ,            18,           0
     35, Nov-19,      10, 18   ,            18,           0
     35, Dec-19,      11, 19   ,            19,           0
     35, Jan-20,      12, 17   ,            17,           0
     35, Feb-20,      13, 17.0 ,            15,           1
     35, Mar-20,      14, 17.67,            14,           1
     35, Apr-20,      15, 17.33,            17,           1
     35, May-20,      16, 18   ,            18,           0
     35, Jun-20,      17, 18   ,            18,           0
     35, Jul-20,      18, 18   ,            18,           0
     35, Aug-20,      19, 18   ,            18,           0
     35, Sep-20,      20, 18   ,            18,           0
     35, Oct-20,      21, 17   ,            17,           0
     35, Nov-20,      22, 18   ,            18,           0
     35, Dec-20,      23, 19   ,            19,           0
     35, Jan-21,      24, 17   ,            17,           0
     35, Feb-21,      25, 17   ,            17,           0
     35, Mar-21,      26, 18   ,            18,           0
     35, Apr-21,      27, 17   ,            17,           0
     35, May-21,      28, 18   ,            18,           0
     35, Jun-21,      29, 18   ,            18,           0
     35, Jul-21,      30, 17   ,            17,           0
     35, Aug-21,      31, 17   ,            17,           0
     35, Sep-21,      32, 17   ,            17,           0
     35, Oct-21,      33, 17   ,            17,           0
     35, Nov-21,      34, 17   ,            17,           0
     35, Dec-21,      35, 18   ,            18,           0
     35, Jan-22,      36, 17   ,            17,           0
     35, Feb-22,      37, 16   ,            16,           0
     35, Mar-22,      38, 17   ,            17,           0
     35, Apr-22,      39, 17   ,            17,           0
     35, May-22,      40, 17   ,            17,           0
     35, Jun-22,      41, 17   ,            17,           0
     35, Jul-22,      42, 17   ,            17,           0
     35, Aug-22,      43, 16   ,            16,           0
     35, Sep-22,      44, 17   ,            17,           0
     35, Oct-22,      45, 17   ,            17,           0
     35, Nov-22,      46, 17   ,            17,           0
     35, Dec-22,      47, 18   ,            18,           0
     36, Jan-19,       0, 22   ,            22,           0
     36, Feb-19,       1, 22   ,            22,           0
     36, Mar-19,       2, 23   ,            23,           0
     36, Apr-19,       3, 23   ,            23,           0
     36, May-19,       4, 23   ,            23,           0
     36, Jun-19,       5, 23   ,            23,           0
     36, Jul-19,       6, 24   ,            24,           0
     36, Aug-19,       7, 24   ,            24,           0
     36, Sep-19,       8, 23   ,            23,           0
     36, Oct-19,       9, 24   ,            24,           0
     36, Nov-19,      10, 24   ,            24,           0
     36, Dec-19,      11, 25   ,            25,           0
     36, Jan-20,      12, 24   ,            24,           0
     36, Feb-20,      13, 24.33,            19,           1
     36, Mar-20,      14, 25.67,            19,           1
     36, Apr-20,      15, 26.0 ,            22,           1
     36, May-20,      16, 24   ,            24,           0
     36, Jun-20,      17, 25   ,            25,           0
     36, Jul-20,      18, 25   ,            25,           0
     36, Aug-20,      19, 25   ,            25,           0
     36, Sep-20,      20, 25   ,            25,           0
     36, Oct-20,      21, 27   ,            27,           0
     36, Nov-20,      22, 25   ,            25,           0
     36, Dec-20,      23, 27   ,            27,           0
     36, Jan-21,      24, 27   ,            27,           0
     36, Feb-21,      25, 24   ,            24,           0
     36, Mar-21,      26, 26   ,            26,           0
     36, Apr-21,      27, 27   ,            27,           0
     36, May-21,      28, 26   ,            26,           0
     36, Jun-21,      29, 27   ,            27,           0
     36, Jul-21,      30, 27   ,            27,           0
     36, Aug-21,      31, 28   ,            28,           0
     36, Sep-21,      32, 28   ,            28,           0
     36, Oct-21,      33, 28   ,            28,           0
     36, Nov-21,      34, 28   ,            28,           0
     36, Dec-21,      35, 29   ,            29,           0
     36, Jan-22,      36, 28   ,            28,           0
     36, Feb-22,      37, 27   ,            27,           0
     36, Mar-22,      38, 28   ,            28,           0
     36, Apr-22,      39, 28   ,            28,           0
     36, May-22,      40, 29   ,            29,           0
     36, Jun-22,      41, 29   ,            29,           0
     36, Jul-22,      42, 30   ,            30,           0
     36, Aug-22,      43, 27   ,            27,           0
     36, Sep-22,      44, 27   ,            27,           0
     36, Oct-22,      45, 28   ,            28,           0
     36, Nov-22,      46, 30   ,            30,           0
     36, Dec-22,      47, 31   ,            31,           0
     37, Jan-19,       0, 15   ,            15,           0
     37, Feb-19,       1, 14   ,            14,           0
     37, Mar-19,       2, 14   ,            14,           0
     37, Apr-19,       3, 15   ,            15,           0
     37, May-19,       4, 15   ,            15,           0
     37, Jun-19,       5, 15   ,            15,           0
     37, Jul-19,       6, 16   ,            16,           0
     37, Aug-19,       7, 16   ,            16,           0
     37, Sep-19,       8, 16   ,            16,           0
     37, Oct-19,       9, 17   ,            17,           0
     37, Nov-19,      10, 17   ,            17,           0
     37, Dec-19,      11, 18   ,            18,           0
     37, Jan-20,      12, 17   ,            17,           0
     37, Feb-20,      13, 17.33,            13,           1
     37, Mar-20,      14, 17.67,            13,           1
     37, Apr-20,      15, 18.0 ,            15,           1
     37, May-20,      16, 17   ,            17,           0
     37, Jun-20,      17, 17   ,            17,           0
     37, Jul-20,      18, 18   ,            18,           0
     37, Aug-20,      19, 18   ,            18,           0
     37, Sep-20,      20, 17   ,            17,           0
     37, Oct-20,      21, 18   ,            18,           0
     37, Nov-20,      22, 18   ,            18,           0
     37, Dec-20,      23, 22   ,            22,           0
     37, Jan-21,      24, 19   ,            19,           0
     37, Feb-21,      25, 18   ,            18,           0
     37, Mar-21,      26, 19   ,            19,           0
     37, Apr-21,      27, 18   ,            18,           0
     37, May-21,      28, 20   ,            20,           0
     37, Jun-21,      29, 19   ,            19,           0
     37, Jul-21,      30, 20   ,            20,           0
     37, Aug-21,      31, 19   ,            19,           0
     37, Sep-21,      32, 21   ,            21,           0
     37, Oct-21,      33, 21   ,            21,           0
     37, Nov-21,      34, 22   ,            22,           0
     37, Dec-21,      35, 24   ,            24,           0
     37, Jan-22,      36, 20   ,            20,           0
     37, Feb-22,      37, 20   ,            20,           0
     37, Mar-22,      38, 20   ,            20,           0
     37, Apr-22,      39, 21   ,            21,           0
     37, May-22,      40, 20   ,            20,           0
     37, Jun-22,      41, 21   ,            21,           0
     37, Jul-22,      42, 22   ,            22,           0
     37, Aug-22,      43, 22   ,            22,           0
     37, Sep-22,      44, 22   ,            22,           0
     37, Oct-22,      45, 23   ,            23,           0
     37, Nov-22,      46, 25   ,            25,           0
     37, Dec-22,      47, 26   ,            26,           0
     38, Jan-19,       0, 10   ,            10,           0
     38, Feb-19,       1,  8   ,             8,           0
     38, Mar-19,       2, 10   ,            10,           0
     38, Apr-19,       3,  9   ,             9,           0
     38, May-19,       4, 10   ,            10,           0
     38, Jun-19,       5, 10   ,            10,           0
     38, Jul-19,       6, 11   ,            11,           0
     38, Aug-19,       7, 10   ,            10,           0
     38, Sep-19,       8, 12   ,            12,           0
     38, Oct-19,       9, 11   ,            11,           0
     38, Nov-19,      10, 12   ,            12,           0
     38, Dec-19,      11, 13   ,            13,           0
     38, Jan-20,      12, 12   ,            12,           0
     38, Feb-20,      13, 11.67,             9,           1
     38, Mar-20,      14, 13.33,            10,           1
     38, Apr-20,      15, 13.0 ,            10,           1
     38, May-20,      16, 11   ,            11,           0
     38, Jun-20,      17, 13   ,            13,           0
     38, Jul-20,      18, 12   ,            12,           0
     38, Aug-20,      19, 13   ,            13,           0
     38, Sep-20,      20, 13   ,            13,           0
     38, Oct-20,      21, 12   ,            12,           0
     38, Nov-20,      22, 14   ,            14,           0
     38, Dec-20,      23, 15   ,            15,           0
     38, Jan-21,      24, 12   ,            12,           0
     38, Feb-21,      25, 12   ,            12,           0
     38, Mar-21,      26, 14   ,            14,           0
     38, Apr-21,      27, 13   ,            13,           0
     38, May-21,      28, 13   ,            13,           0
     38, Jun-21,      29, 14   ,            14,           0
     38, Jul-21,      30, 15   ,            15,           0
     38, Aug-21,      31, 15   ,            15,           0
     38, Sep-21,      32, 17   ,            17,           0
     38, Oct-21,      33, 16   ,            16,           0
     38, Nov-21,      34, 16   ,            16,           0
     38, Dec-21,      35, 17   ,            17,           0
     38, Jan-22,      36, 17   ,            17,           0
     38, Feb-22,      37, 15   ,            15,           0
     38, Mar-22,      38, 16   ,            16,           0
     38, Apr-22,      39, 17   ,            17,           0
     38, May-22,      40, 15   ,            15,           0
     38, Jun-22,      41, 18   ,            18,           0
     38, Jul-22,      42, 17   ,            17,           0
     38, Aug-22,      43, 19   ,            19,           0
     38, Sep-22,      44, 16   ,            16,           0
     38, Oct-22,      45, 19   ,            19,           0
     38, Nov-22,      46, 17   ,            17,           0
     38, Dec-22,      47, 23   ,            23,           0
     39, Jan-19,       0, 12   ,            12,           0
     39, Feb-19,       1, 12   ,            12,           0
     39, Mar-19,       2, 12   ,            12,           0
     39, Apr-19,       3, 13   ,            13,           0
     39, May-19,       4, 13   ,            13,           0
     39, Jun-19,       5, 13   ,            13,           0
     39, Jul-19,       6, 14   ,            14,           0
     39, Aug-19,       7, 13   ,            13,           0
     39, Sep-19,       8, 14   ,            14,           0
     39, Oct-19,       9, 14   ,            14,           0
     39, Nov-19,      10, 15   ,            15,           0
     39, Dec-19,      11, 16   ,            16,           0
     39, Jan-20,      12, 15   ,            15,           0
     39, Feb-20,      13, 15.33,            12,           1
     39, Mar-20,      14, 16.0 ,            11,           1
     39, Apr-20,      15, 16.33,            13,           1
     39, May-20,      16, 15   ,            15,           0
     39, Jun-20,      17, 15   ,            15,           0
     39, Jul-20,      18, 16   ,            16,           0
     39, Aug-20,      19, 15   ,            15,           0
     39, Sep-20,      20, 15   ,            15,           0
     39, Oct-20,      21, 16   ,            16,           0
     39, Nov-20,      22, 17   ,            17,           0
     39, Dec-20,      23, 20   ,            20,           0
     39, Jan-21,      24, 16   ,            16,           0
     39, Feb-21,      25, 16   ,            16,           0
     39, Mar-21,      26, 17   ,            17,           0
     39, Apr-21,      27, 16   ,            16,           0
     39, May-21,      28, 17   ,            17,           0
     39, Jun-21,      29, 17   ,            17,           0
     39, Jul-21,      30, 19   ,            19,           0
     39, Aug-21,      31, 18   ,            18,           0
     39, Sep-21,      32, 17   ,            17,           0
     39, Oct-21,      33, 17   ,            17,           0
     39, Nov-21,      34, 19   ,            19,           0
     39, Dec-21,      35, 23   ,            23,           0
     39, Jan-22,      36, 19   ,            19,           0
     39, Feb-22,      37, 18   ,            18,           0
     39, Mar-22,      38, 19   ,            19,           0
     39, Apr-22,      39, 20   ,            20,           0
     39, May-22,      40, 20   ,            20,           0
     39, Jun-22,      41, 19   ,            19,           0
     39, Jul-22,      42, 19   ,            19,           0
     39, Aug-22,      43, 18   ,            18,           0
     39, Sep-22,      44, 20   ,            20,           0
     39, Oct-22,      45, 20   ,            20,           0
     39, Nov-22,      46, 22   ,            22,           0
     39, Dec-22,      47, 22   ,            22,           0
     40, Jan-19,       0,  9   ,             9,           0
     40, Feb-19,       1,  9   ,             9,           0
     40, Mar-19,       2, 10   ,            10,           0
     40, Apr-19,       3, 10   ,            10,           0
     40, May-19,       4,  9   ,             9,           0
     40, Jun-19,       5,  9   ,             9,           0
     40, Jul-19,       6, 10   ,            10,           0
     40, Aug-19,       7, 10   ,            10,           0
     40, Sep-19,       8, 10   ,            10,           0
     40, Oct-19,       9, 10   ,            10,           0
     40, Nov-19,      10, 10   ,            10,           0
     40, Dec-19,      11, 12   ,            12,           0
     40, Jan-20,      12, 10   ,            10,           0
     40, Feb-20,      13, 10.0 ,             9,           1
     40, Mar-20,      14, 10.67,             8,           1
     40, Apr-20,      15, 10.67,             9,           1
     40, May-20,      16, 11   ,            11,           0
     40, Jun-20,      17, 11   ,            11,           0
     40, Jul-20,      18, 12   ,            12,           0
     40, Aug-20,      19, 12   ,            12,           0
     40, Sep-20,      20, 11   ,            11,           0
     40, Oct-20,      21, 12   ,            12,           0
     40, Nov-20,      22, 12   ,            12,           0
     40, Dec-20,      23, 13   ,            13,           0
     40, Jan-21,      24, 11   ,            11,           0
     40, Feb-21,      25, 10   ,            10,           0
     40, Mar-21,      26, 11   ,            11,           0
     40, Apr-21,      27, 11   ,            11,           0
     40, May-21,      28, 11   ,            11,           0
     40, Jun-21,      29, 12   ,            12,           0
     40, Jul-21,      30, 11   ,            11,           0
     40, Aug-21,      31, 12   ,            12,           0
     40, Sep-21,      32, 12   ,            12,           0
     40, Oct-21,      33, 13   ,            13,           0
     40, Nov-21,      34, 11   ,            11,           0
     40, Dec-21,      35, 13   ,            13,           0
     40, Jan-22,      36, 11   ,            11,           0
     40, Feb-22,      37, 11   ,            11,           0
     40, Mar-22,      38, 11   ,            11,           0
     40, Apr-22,      39, 11   ,            11,           0
     40, May-22,      40, 12   ,            12,           0
     40, Jun-22,      41, 12   ,            12,           0
     40, Jul-22,      42, 12   ,            12,           0
     40, Aug-22,      43, 13   ,            13,           0
     40, Sep-22,      44, 12   ,            12,           0
     40, Oct-22,      45, 14   ,            14,           0
     40, Nov-22,      46, 13   ,            13,           0
     40, Dec-22,      47, 15   ,            15,           0
     41, Jan-19,       0, 12   ,            12,           0
     41, Feb-19,       1, 11   ,            11,           0
     41, Mar-19,       2, 12   ,            12,           0
     41, Apr-19,       3, 11   ,            11,           0
     41, May-19,       4, 11   ,            11,           0
     41, Jun-19,       5, 12   ,            12,           0
     41, Jul-19,       6, 11   ,            11,           0
     41, Aug-19,       7, 11   ,            11,           0
     41, Sep-19,       8, 12   ,            12,           0
     41, Oct-19,       9, 11   ,            11,           0
     41, Nov-19,      10, 11   ,            11,           0
     41, Dec-19,      11, 13   ,            13,           0
     41, Jan-20,      12, 11   ,            11,           0
     41, Feb-20,      13, 10.33,             9,           1
     41, Mar-20,      14, 10.67,             9,           1
     41, Apr-20,      15, 10.33,            10,           1
     41, May-20,      16, 11   ,            11,           0
     41, Jun-20,      17, 11   ,            11,           0
     41, Jul-20,      18, 11   ,            11,           0
     41, Aug-20,      19, 11   ,            11,           0
     41, Sep-20,      20, 11   ,            11,           0
     41, Oct-20,      21, 11   ,            11,           0
     41, Nov-20,      22, 10   ,            10,           0
     41, Dec-20,      23, 11   ,            11,           0
     41, Jan-21,      24, 10   ,            10,           0
     41, Feb-21,      25, 10   ,            10,           0
     41, Mar-21,      26, 10   ,            10,           0
     41, Apr-21,      27, 10   ,            10,           0
     41, May-21,      28, 10   ,            10,           0
     41, Jun-21,      29, 10   ,            10,           0
     41, Jul-21,      30, 10   ,            10,           0
     41, Aug-21,      31, 11   ,            11,           0
     41, Sep-21,      32, 11   ,            11,           0
     41, Oct-21,      33, 11   ,            11,           0
     41, Nov-21,      34, 11   ,            11,           0
     41, Dec-21,      35, 11   ,            11,           0
     41, Jan-22,      36, 11   ,            11,           0
     41, Feb-22,      37, 10   ,            10,           0
     41, Mar-22,      38, 10   ,            10,           0
     41, Apr-22,      39, 10   ,            10,           0
     41, May-22,      40, 10   ,            10,           0
     41, Jun-22,      41, 10   ,            10,           0
     41, Jul-22,      42, 10   ,            10,           0
     41, Aug-22,      43, 10   ,            10,           0
     41, Sep-22,      44, 10   ,            10,           0
     41, Oct-22,      45, 10   ,            10,           0
     41, Nov-22,      46, 10   ,            10,           0
     41, Dec-22,      47, 11   ,            11,           0
     42, Jan-19,       0, 16   ,            16,           0
     42, Feb-19,       1, 16   ,            16,           0
     42, Mar-19,       2, 17   ,            17,           0
     42, Apr-19,       3, 16   ,            16,           0
     42, May-19,       4, 16   ,            16,           0
     42, Jun-19,       5, 16   ,            16,           0
     42, Jul-19,       6, 17   ,            17,           0
     42, Aug-19,       7, 16   ,            16,           0
     42, Sep-19,       8, 16   ,            16,           0
     42, Oct-19,       9, 16   ,            16,           0
     42, Nov-19,      10, 16   ,            16,           0
     42, Dec-19,      11, 17   ,            17,           0
     42, Jan-20,      12, 17   ,            17,           0
     42, Feb-20,      13, 15.33,            14,           1
     42, Mar-20,      14, 15.67,            12,           1
     42, Apr-20,      15, 16.0 ,            14,           1
     42, May-20,      16, 16   ,            16,           0
     42, Jun-20,      17, 16   ,            16,           0
     42, Jul-20,      18, 16   ,            16,           0
     42, Aug-20,      19, 16   ,            16,           0
     42, Sep-20,      20, 17   ,            17,           0
     42, Oct-20,      21, 16   ,            16,           0
     42, Nov-20,      22, 17   ,            17,           0
     42, Dec-20,      23, 17   ,            17,           0
     42, Jan-21,      24, 16   ,            16,           0
     42, Feb-21,      25, 15   ,            15,           0
     42, Mar-21,      26, 15   ,            15,           0
     42, Apr-21,      27, 16   ,            16,           0
     42, May-21,      28, 16   ,            16,           0
     42, Jun-21,      29, 16   ,            16,           0
     42, Jul-21,      30, 16   ,            16,           0
     42, Aug-21,      31, 15   ,            15,           0
     42, Sep-21,      32, 16   ,            16,           0
     42, Oct-21,      33, 16   ,            16,           0
     42, Nov-21,      34, 16   ,            16,           0
     42, Dec-21,      35, 17   ,            17,           0
     42, Jan-22,      36, 15   ,            15,           0
     42, Feb-22,      37, 15   ,            15,           0
     42, Mar-22,      38, 15   ,            15,           0
     42, Apr-22,      39, 16   ,            16,           0
     42, May-22,      40, 15   ,            15,           0
     42, Jun-22,      41, 16   ,            16,           0
     42, Jul-22,      42, 16   ,            16,           0
     42, Aug-22,      43, 16   ,            16,           0
     42, Sep-22,      44, 16   ,            16,           0
     42, Oct-22,      45, 17   ,            17,           0
     42, Nov-22,      46, 16   ,            16,           0
     42, Dec-22,      47, 17   ,            17,           0
     43, Jan-19,       0, 17   ,            17,           0
     43, Feb-19,       1, 16   ,            16,           0
     43, Mar-19,       2, 16   ,            16,           0
     43, Apr-19,       3, 17   ,            17,           0
     43, May-19,       4, 17   ,            17,           0
     43, Jun-19,       5, 17   ,            17,           0
     43, Jul-19,       6, 18   ,            18,           0
     43, Aug-19,       7, 17   ,            17,           0
     43, Sep-19,       8, 17   ,            17,           0
     43, Oct-19,       9, 19   ,            19,           0
     43, Nov-19,      10, 17   ,            17,           0
     43, Dec-19,      11, 19   ,            19,           0
     43, Jan-20,      12, 17   ,            17,           0
     43, Feb-20,      13, 17.67,            14,           1
     43, Mar-20,      14, 18.67,            13,           1
     43, Apr-20,      15, 19.0 ,            16,           1
     43, May-20,      16, 18   ,            18,           0
     43, Jun-20,      17, 19   ,            19,           0
     43, Jul-20,      18, 19   ,            19,           0
     43, Aug-20,      19, 18   ,            18,           0
     43, Sep-20,      20, 19   ,            19,           0
     43, Oct-20,      21, 20   ,            20,           0
     43, Nov-20,      22, 19   ,            19,           0
     43, Dec-20,      23, 20   ,            20,           0
     43, Jan-21,      24, 19   ,            19,           0
     43, Feb-21,      25, 18   ,            18,           0
     43, Mar-21,      26, 19   ,            19,           0
     43, Apr-21,      27, 20   ,            20,           0
     43, May-21,      28, 20   ,            20,           0
     43, Jun-21,      29, 20   ,            20,           0
     43, Jul-21,      30, 20   ,            20,           0
     43, Aug-21,      31, 19   ,            19,           0
     43, Sep-21,      32, 21   ,            21,           0
     43, Oct-21,      33, 20   ,            20,           0
     43, Nov-21,      34, 22   ,            22,           0
     43, Dec-21,      35, 22   ,            22,           0
     43, Jan-22,      36, 20   ,            20,           0
     43, Feb-22,      37, 19   ,            19,           0
     43, Mar-22,      38, 21   ,            21,           0
     43, Apr-22,      39, 20   ,            20,           0
     43, May-22,      40, 21   ,            21,           0
     43, Jun-22,      41, 21   ,            21,           0
     43, Jul-22,      42, 21   ,            21,           0
     43, Aug-22,      43, 21   ,            21,           0
     43, Sep-22,      44, 23   ,            23,           0
     43, Oct-22,      45, 23   ,            23,           0
     43, Nov-22,      46, 22   ,            22,           0
     43, Dec-22,      47, 23   ,            23,           0
     44, Jan-19,       0, 17   ,            17,           0
     44, Feb-19,       1, 17   ,            17,           0
     44, Mar-19,       2, 16   ,            16,           0
     44, Apr-19,       3, 16   ,            16,           0
     44, May-19,       4, 17   ,            17,           0
     44, Jun-19,       5, 16   ,            16,           0
     44, Jul-19,       6, 17   ,            17,           0
     44, Aug-19,       7, 16   ,            16,           0
     44, Sep-19,       8, 17   ,            17,           0
     44, Oct-19,       9, 17   ,            17,           0
     44, Nov-19,      10, 17   ,            17,           0
     44, Dec-19,      11, 18   ,            18,           0
     44, Jan-20,      12, 16   ,            16,           0
     44, Feb-20,      13, 15.33,            13,           1
     44, Mar-20,      14, 14.67,            13,           1
     44, Apr-20,      15, 14.67,            15,           1
     44, May-20,      16, 16   ,            16,           0
     44, Jun-20,      17, 16   ,            16,           0
     44, Jul-20,      18, 16   ,            16,           0
     44, Aug-20,      19, 15   ,            15,           0
     44, Sep-20,      20, 15   ,            15,           0
     44, Oct-20,      21, 15   ,            15,           0
     44, Nov-20,      22, 15   ,            15,           0
     44, Dec-20,      23, 16   ,            16,           0
     44, Jan-21,      24, 15   ,            15,           0
     44, Feb-21,      25, 15   ,            15,           0
     44, Mar-21,      26, 14   ,            14,           0
     44, Apr-21,      27, 14   ,            14,           0
     44, May-21,      28, 14   ,            14,           0
     44, Jun-21,      29, 15   ,            15,           0
     44, Jul-21,      30, 14   ,            14,           0
     44, Aug-21,      31, 14   ,            14,           0
     44, Sep-21,      32, 14   ,            14,           0
     44, Oct-21,      33, 15   ,            15,           0
     44, Nov-21,      34, 14   ,            14,           0
     44, Dec-21,      35, 15   ,            15,           0
     44, Jan-22,      36, 14   ,            14,           0
     44, Feb-22,      37, 14   ,            14,           0
     44, Mar-22,      38, 14   ,            14,           0
     44, Apr-22,      39, 14   ,            14,           0
     44, May-22,      40, 14   ,            14,           0
     44, Jun-22,      41, 14   ,            14,           0
     44, Jul-22,      42, 13   ,            13,           0
     44, Aug-22,      43, 13   ,            13,           0
     44, Sep-22,      44, 13   ,            13,           0
     44, Oct-22,      45, 13   ,            13,           0
     44, Nov-22,      46, 13   ,            13,           0
     44, Dec-22,      47, 13   ,            13,           0
     45, Jan-19,       0, 13   ,            13,           0
     45, Feb-19,       1, 12   ,            12,           0
     45, Mar-19,       2, 12   ,            12,           0
     45, Apr-19,       3, 12   ,            12,           0
     45, May-19,       4, 13   ,            13,           0
     45, Jun-19,       5, 13   ,            13,           0
     45, Jul-19,       6, 13   ,            13,           0
     45, Aug-19,       7, 12   ,            12,           0
     45, Sep-19,       8, 13   ,            13,           0
     45, Oct-19,       9, 13   ,            13,           0
     45, Nov-19,      10, 14   ,            14,           0
     45, Dec-19,      11, 14   ,            14,           0
     45, Jan-20,      12, 13   ,            13,           0
     45, Feb-20,      13, 12.67,            10,           1
     45, Mar-20,      14, 12.67,            10,           1
     45, Apr-20,      15, 13.67,            12,           1
     45, May-20,      16, 13   ,            13,           0
     45, Jun-20,      17, 14   ,            14,           0
     45, Jul-20,      18, 14   ,            14,           0
     45, Aug-20,      19, 14   ,            14,           0
     45, Sep-20,      20, 13   ,            13,           0
     45, Oct-20,      21, 14   ,            14,           0
     45, Nov-20,      22, 14   ,            14,           0
     45, Dec-20,      23, 15   ,            15,           0
     45, Jan-21,      24, 14   ,            14,           0
     45, Feb-21,      25, 13   ,            13,           0
     45, Mar-21,      26, 13   ,            13,           0
     45, Apr-21,      27, 14   ,            14,           0
     45, May-21,      28, 14   ,            14,           0
     45, Jun-21,      29, 14   ,            14,           0
     45, Jul-21,      30, 14   ,            14,           0
     45, Aug-21,      31, 14   ,            14,           0
     45, Sep-21,      32, 14   ,            14,           0
     45, Oct-21,      33, 15   ,            15,           0
     45, Nov-21,      34, 14   ,            14,           0
     45, Dec-21,      35, 16   ,            16,           0
     45, Jan-22,      36, 14   ,            14,           0
     45, Feb-22,      37, 13   ,            13,           0
     45, Mar-22,      38, 13   ,            13,           0
     45, Apr-22,      39, 15   ,            15,           0
     45, May-22,      40, 14   ,            14,           0
     45, Jun-22,      41, 14   ,            14,           0
     45, Jul-22,      42, 15   ,            15,           0
     45, Aug-22,      43, 15   ,            15,           0
     45, Sep-22,      44, 15   ,            15,           0
     45, Oct-22,      45, 15   ,            15,           0
     45, Nov-22,      46, 15   ,            15,           0
     45, Dec-22,      47, 16   ,            16,           0
     46, Jan-19,       0, 19   ,            19,           0
     46, Feb-19,       1, 18   ,            18,           0
     46, Mar-19,       2, 19   ,            19,           0
     46, Apr-19,       3, 19   ,            19,           0
     46, May-19,       4, 20   ,            20,           0
     46, Jun-19,       5, 20   ,            20,           0
     46, Jul-19,       6, 19   ,            19,           0
     46, Aug-19,       7, 19   ,            19,           0
     46, Sep-19,       8, 19   ,            19,           0
     46, Oct-19,       9, 20   ,            20,           0
     46, Nov-19,      10, 20   ,            20,           0
     46, Dec-19,      11, 21   ,            21,           0
     46, Jan-20,      12, 19   ,            19,           0
     46, Feb-20,      13, 18.0 ,            15,           1
     46, Mar-20,      14, 18.33,            14,           1
     46, Apr-20,      15, 18.33,            17,           1
     46, May-20,      16, 20   ,            20,           0
     46, Jun-20,      17, 19   ,            19,           0
     46, Jul-20,      18, 19   ,            19,           0
     46, Aug-20,      19, 19   ,            19,           0
     46, Sep-20,      20, 19   ,            19,           0
     46, Oct-20,      21, 20   ,            20,           0
     46, Nov-20,      22, 20   ,            20,           0
     46, Dec-20,      23, 20   ,            20,           0
     46, Jan-21,      24, 19   ,            19,           0
     46, Feb-21,      25, 18   ,            18,           0
     46, Mar-21,      26, 18   ,            18,           0
     46, Apr-21,      27, 18   ,            18,           0
     46, May-21,      28, 19   ,            19,           0
     46, Jun-21,      29, 19   ,            19,           0
     46, Jul-21,      30, 19   ,            19,           0
     46, Aug-21,      31, 18   ,            18,           0
     46, Sep-21,      32, 18   ,            18,           0
     46, Oct-21,      33, 18   ,            18,           0
     46, Nov-21,      34, 18   ,            18,           0
     46, Dec-21,      35, 19   ,            19,           0
     46, Jan-22,      36, 18   ,            18,           0
     46, Feb-22,      37, 18   ,            18,           0
     46, Mar-22,      38, 18   ,            18,           0
     46, Apr-22,      39, 18   ,            18,           0
     46, May-22,      40, 18   ,            18,           0
     46, Jun-22,      41, 18   ,            18,           0
     46, Jul-22,      42, 19   ,            19,           0
     46, Aug-22,      43, 19   ,            19,           0
     46, Sep-22,      44, 18   ,            18,           0
     46, Oct-22,      45, 19   ,            19,           0
     46, Nov-22,      46, 18   ,            18,           0
     46, Dec-22,      47, 20   ,            20,           0
     47, Jan-19,       0, 10   ,            10,           0
     47, Feb-19,       1,  9   ,             9,           0
     47, Mar-19,       2,  9   ,             9,           0
     47, Apr-19,       3,  9   ,             9,           0
     47, May-19,       4,  9   ,             9,           0
     47, Jun-19,       5,  9   ,             9,           0
     47, Jul-19,       6,  9   ,             9,           0
     47, Aug-19,       7,  8   ,             8,           0
     47, Sep-19,       8,  8   ,             8,           0
     47, Oct-19,       9,  9   ,             9,           0
     47, Nov-19,      10,  9   ,             9,           0
     47, Dec-19,      11,  9   ,             9,           0
     47, Jan-20,      12,  8   ,             8,           0
     47, Feb-20,      13,  7.0 ,             6,           1
     47, Mar-20,      14,  6.67,             6,           1
     47, Apr-20,      15,  6.67,             8,           1
     47, May-20,      16,  8   ,             8,           0
     47, Jun-20,      17,  8   ,             8,           0
     47, Jul-20,      18,  7   ,             7,           0
     47, Aug-20,      19,  7   ,             7,           0
     47, Sep-20,      20,  7   ,             7,           0
     47, Oct-20,      21,  7   ,             7,           0
     47, Nov-20,      22,  7   ,             7,           0
     47, Dec-20,      23,  7   ,             7,           0
     47, Jan-21,      24,  7   ,             7,           0
     47, Feb-21,      25,  7   ,             7,           0
     47, Mar-21,      26,  6   ,             6,           0
     47, Apr-21,      27,  6   ,             6,           0
     47, May-21,      28,  6   ,             6,           0
     47, Jun-21,      29,  6   ,             6,           0
     47, Jul-21,      30,  6   ,             6,           0
     47, Aug-21,      31,  6   ,             6,           0
     47, Sep-21,      32,  6   ,             6,           0
     47, Oct-21,      33,  6   ,             6,           0
     47, Nov-21,      34,  6   ,             6,           0
     47, Dec-21,      35,  6   ,             6,           0
     47, Jan-22,      36,  5   ,             5,           0
     47, Feb-22,      37,  5   ,             5,           0
     47, Mar-22,      38,  5   ,             5,           0
     47, Apr-22,      39,  5   ,             5,           0
     47, May-22,      40,  5   ,             5,           0
     47, Jun-22,      41,  5   ,             5,           0
     47, Jul-22,      42,  5   ,             5,           0
     47, Aug-22,      43,  5   ,             5,           0
     47, Sep-22,      44,  5   ,             5,           0
     47, Oct-22,      45,  5   ,             5,           0
     47, Nov-22,      46,  5   ,             5,           0
     47, Dec-22,      47,  5   ,             5,           0
     48, Jan-19,       0, 14   ,            14,           0
     48, Feb-19,       1, 14   ,            14,           0
     48, Mar-19,       2, 14   ,            14,           0
     48, Apr-19,       3, 13   ,            13,           0
     48, May-19,       4, 14   ,            14,           0
     48, Jun-19,       5, 15   ,            15,           0
     48, Jul-19,       6, 14   ,            14,           0
     48, Aug-19,       7, 14   ,            14,           0
     48, Sep-19,       8, 14   ,            14,           0
     48, Oct-19,       9, 14   ,            14,           0
     48, Nov-19,      10, 14   ,            14,           0
     48, Dec-19,      11, 15   ,            15,           0
     48, Jan-20,      12, 14   ,            14,           0
     48, Feb-20,      13, 13.0 ,            11,           1
     48, Mar-20,      14, 13.0 ,            10,           1
     48, Apr-20,      15, 12.67,            12,           1
     48, May-20,      16, 14   ,            14,           0
     48, Jun-20,      17, 13   ,            13,           0
     48, Jul-20,      18, 14   ,            14,           0
     48, Aug-20,      19, 13   ,            13,           0
     48, Sep-20,      20, 13   ,            13,           0
     48, Oct-20,      21, 14   ,            14,           0
     48, Nov-20,      22, 14   ,            14,           0
     48, Dec-20,      23, 15   ,            15,           0
     48, Jan-21,      24, 13   ,            13,           0
     48, Feb-21,      25, 13   ,            13,           0
     48, Mar-21,      26, 13   ,            13,           0
     48, Apr-21,      27, 13   ,            13,           0
     48, May-21,      28, 13   ,            13,           0
     48, Jun-21,      29, 13   ,            13,           0
     48, Jul-21,      30, 13   ,            13,           0
     48, Aug-21,      31, 13   ,            13,           0
     48, Sep-21,      32, 12   ,            12,           0
     48, Oct-21,      33, 13   ,            13,           0
     48, Nov-21,      34, 13   ,            13,           0
     48, Dec-21,      35, 14   ,            14,           0
     48, Jan-22,      36, 13   ,            13,           0
     48, Feb-22,      37, 12   ,            12,           0
     48, Mar-22,      38, 12   ,            12,           0
     48, Apr-22,      39, 12   ,            12,           0
     48, May-22,      40, 12   ,            12,           0
     48, Jun-22,      41, 13   ,            13,           0
     48, Jul-22,      42, 12   ,            12,           0
     48, Aug-22,      43, 12   ,            12,           0
     48, Sep-22,      44, 12   ,            12,           0
     48, Oct-22,      45, 12   ,            12,           0
     48, Nov-22,      46, 12   ,            12,           0
     48, Dec-22,      47, 13   ,            13,           0
     49, Jan-19,       0, 15   ,            15,           0
     49, Feb-19,       1, 14   ,            14,           0
     49, Mar-19,       2, 15   ,            15,           0
     49, Apr-19,       3, 15   ,            15,           0
     49, May-19,       4, 15   ,            15,           0
     49, Jun-19,       5, 15   ,            15,           0
     49, Jul-19,       6, 15   ,            15,           0
     49, Aug-19,       7, 16   ,            16,           0
     49, Sep-19,       8, 16   ,            16,           0
     49, Oct-19,       9, 16   ,            16,           0
     49, Nov-19,      10, 16   ,            16,           0
     49, Dec-19,      11, 18   ,            18,           0
     49, Jan-20,      12, 16   ,            16,           0
     49, Feb-20,      13, 15.67,            13,           1
     49, Mar-20,      14, 16.33,            12,           1
     49, Apr-20,      15, 16.67,            14,           1
     49, May-20,      16, 17   ,            17,           0
     49, Jun-20,      17, 17   ,            17,           0
     49, Jul-20,      18, 17   ,            17,           0
     49, Aug-20,      19, 17   ,            17,           0
     49, Sep-20,      20, 17   ,            17,           0
     49, Oct-20,      21, 17   ,            17,           0
     49, Nov-20,      22, 18   ,            18,           0
     49, Dec-20,      23, 18   ,            18,           0
     49, Jan-21,      24, 17   ,            17,           0
     49, Feb-21,      25, 16   ,            16,           0
     49, Mar-21,      26, 16   ,            16,           0
     49, Apr-21,      27, 17   ,            17,           0
     49, May-21,      28, 17   ,            17,           0
     49, Jun-21,      29, 18   ,            18,           0
     49, Jul-21,      30, 18   ,            18,           0
     49, Aug-21,      31, 17   ,            17,           0
     49, Sep-21,      32, 17   ,            17,           0
     49, Oct-21,      33, 18   ,            18,           0
     49, Nov-21,      34, 18   ,            18,           0
     49, Dec-21,      35, 20   ,            20,           0
     49, Jan-22,      36, 18   ,            18,           0
     49, Feb-22,      37, 17   ,            17,           0
     49, Mar-22,      38, 18   ,            18,           0
     49, Apr-22,      39, 18   ,            18,           0
     49, May-22,      40, 18   ,            18,           0
     49, Jun-22,      41, 18   ,            18,           0
     49, Jul-22,      42, 20   ,            20,           0
     49, Aug-22,      43, 17   ,            17,           0
     49, Sep-22,      44, 19   ,            19,           0
     49, Oct-22,      45, 18   ,            18,           0
     49, Nov-22,      46, 19   ,            19,           0
     49, Dec-22,      47, 20   ,            20,           0
     50, Jan-19,       0, 17   ,            17,           0
     50, Feb-19,       1, 17   ,            17,           0
     50, Mar-19,       2, 18   ,            18,           0
     50, Apr-19,       3, 17   ,            17,           0
     50, May-19,       4, 18   ,            18,           0
     50, Jun-19,       5, 19   ,            19,           0
     50, Jul-19,       6, 19   ,            19,           0
     50, Aug-19,       7, 19   ,            19,           0
     50, Sep-19,       8, 19   ,            19,           0
     50, Oct-19,       9, 19   ,            19,           0
     50, Nov-19,      10, 19   ,            19,           0
     50, Dec-19,      11, 21   ,            21,           0
     50, Jan-20,      12, 20   ,            20,           0
     50, Feb-20,      13, 19.67,            16,           1
     50, Mar-20,      14, 20.67,            15,           1
     50, Apr-20,      15, 20.33,            18,           1
     50, May-20,      16, 20   ,            20,           0
     50, Jun-20,      17, 21   ,            21,           0
     50, Jul-20,      18, 21   ,            21,           0
     50, Aug-20,      19, 20   ,            20,           0
     50, Sep-20,      20, 22   ,            22,           0
     50, Oct-20,      21, 21   ,            21,           0
     50, Nov-20,      22, 22   ,            22,           0
     50, Dec-20,      23, 23   ,            23,           0
     50, Jan-21,      24, 22   ,            22,           0
     50, Feb-21,      25, 20   ,            20,           0
     50, Mar-21,      26, 21   ,            21,           0
     50, Apr-21,      27, 22   ,            22,           0
     50, May-21,      28, 22   ,            22,           0
     50, Jun-21,      29, 21   ,            21,           0
     50, Jul-21,      30, 22   ,            22,           0
     50, Aug-21,      31, 21   ,            21,           0
     50, Sep-21,      32, 22   ,            22,           0
     50, Oct-21,      33, 24   ,            24,           0
     50, Nov-21,      34, 25   ,            25,           0
     50, Dec-21,      35, 27   ,            27,           0
     50, Jan-22,      36, 23   ,            23,           0
     50, Feb-22,      37, 22   ,            22,           0
     50, Mar-22,      38, 23   ,            23,           0
     50, Apr-22,      39, 22   ,            22,           0
     50, May-22,      40, 23   ,            23,           0
     50, Jun-22,      41, 24   ,            24,           0
     50, Jul-22,      42, 26   ,            26,           0
     50, Aug-22,      43, 25   ,            25,           0
     50, Sep-22,      44, 26   ,            26,           0
     50, Oct-22,      45, 25   ,            25,           0
     50, Nov-22,      46, 26   ,            26,           0
     50, Dec-22,      47, 29   ,            29,           0
     51, Jan-19,       0, 13   ,            13,           0
     51, Feb-19,       1, 13   ,            13,           0
     51, Mar-19,       2, 14   ,            14,           0
     51, Apr-19,       3, 13   ,            13,           0
     51, May-19,       4, 13   ,            13,           0
     51, Jun-19,       5, 14   ,            14,           0
     51, Jul-19,       6, 14   ,            14,           0
     51, Aug-19,       7, 13   ,            13,           0
     51, Sep-19,       8, 14   ,            14,           0
     51, Oct-19,       9, 14   ,            14,           0
     51, Nov-19,      10, 14   ,            14,           0
     51, Dec-19,      11, 15   ,            15,           0
     51, Jan-20,      12, 13   ,            13,           0
     51, Feb-20,      13, 13.0 ,            11,           1
     51, Mar-20,      14, 13.67,            10,           1
     51, Apr-20,      15, 13.67,            12,           1
     51, May-20,      16, 14   ,            14,           0
     51, Jun-20,      17, 14   ,            14,           0
     51, Jul-20,      18, 14   ,            14,           0
     51, Aug-20,      19, 14   ,            14,           0
     51, Sep-20,      20, 13   ,            13,           0
     51, Oct-20,      21, 14   ,            14,           0
     51, Nov-20,      22, 14   ,            14,           0
     51, Dec-20,      23, 14   ,            14,           0
     51, Jan-21,      24, 13   ,            13,           0
     51, Feb-21,      25, 13   ,            13,           0
     51, Mar-21,      26, 14   ,            14,           0
     51, Apr-21,      27, 14   ,            14,           0
     51, May-21,      28, 14   ,            14,           0
     51, Jun-21,      29, 13   ,            13,           0
     51, Jul-21,      30, 14   ,            14,           0
     51, Aug-21,      31, 14   ,            14,           0
     51, Sep-21,      32, 14   ,            14,           0
     51, Oct-21,      33, 15   ,            15,           0
     51, Nov-21,      34, 14   ,            14,           0
     51, Dec-21,      35, 16   ,            16,           0
     51, Jan-22,      36, 14   ,            14,           0
     51, Feb-22,      37, 13   ,            13,           0
     51, Mar-22,      38, 13   ,            13,           0
     51, Apr-22,      39, 14   ,            14,           0
     51, May-22,      40, 15   ,            15,           0
     51, Jun-22,      41, 14   ,            14,           0
     51, Jul-22,      42, 15   ,            15,           0
     51, Aug-22,      43, 15   ,            15,           0
     51, Sep-22,      44, 15   ,            15,           0
     51, Oct-22,      45, 14   ,            14,           0
     51, Nov-22,      46, 14   ,            14,           0
     51, Dec-22,      47, 17   ,            17,           0
